<Ticker>,<DTYYYYMMDD>,<Open>,<High>,<Low>,<Close>,<Volume>
AAV,20250117,7.1,7.3,7.0,7.2,407117
AAV,20250116,7.2,7.3,7.0,7.2,171195
AAV,20250115,7.1,7.3,7.0,7.2,408618
AAV,20250114,7.3,7.3,6.7,7.1,1837221
AAV,20250113,7.3,7.3,7.0,7.3,439050
AAV,20250110,7.4,7.9,7.2,7.2,1704942
AAV,20250109,7.5,7.5,7.3,7.4,545830
AAV,20250108,7.2,7.5,7.2,7.5,948869
AAV,20250107,7.2,7.2,7.0,7.2,407508
AAV,20250106,7.2,7.4,7.1,7.2,446414
AAV,20250103,7.4,7.4,7.2,7.2,762962
AAV,20250102,7.3,7.5,7.3,7.4,182681
AAV,20241231,7.5,7.5,7.2,7.3,609922
AAV,20241230,7.5,7.5,7.4,7.5,215098
AAV,20241227,7.4,7.9,7.4,7.5,1779389
AAV,20241226,7.5,7.6,7.4,7.4,747621
AAV,20241225,7.6,7.7,7.4,7.5,1777105
AAV,20241224,7.9,7.9,7.6,7.7,754486
AAV,20241223,7.7,8.3,7.7,7.9,2544199
AAV,20241220,7.6,7.7,7.4,7.7,1142069
AAV,20241219,7.6,7.6,7.4,7.6,904724
AAV,20241218,7.7,7.9,7.6,7.6,863043
AAV,20241217,7.7,7.8,7.5,7.6,515064
AAV,20241216,7.6,7.7,7.5,7.6,449089
AAV,20241213,7.6,7.8,7.4,7.6,715310
AAV,20241212,7.9,7.9,7.6,7.6,622878
AAV,20241211,7.8,7.9,7.7,7.8,827293
AAV,20241210,8.1,8.2,7.7,7.8,843922
AAV,20241209,7.7,8.1,7.5,8.1,1548393
AAV,20241206,7.6,7.7,7.4,7.5,1343202
AAV,20241205,7.6,7.8,7.4,7.6,1202364
AAV,20241204,7.5,7.9,7.4,7.6,1813751
AAV,20241203,6.7,7.4,6.7,7.4,2617944
AAV,20241202,6.8,6.9,6.6,6.8,822568
AAV,20241129,6.8,6.9,6.7,6.8,953396
AAV,20241128,6.8,6.9,6.6,6.8,761928
AAV,20241127,6.8,6.9,6.5,6.8,1085867
AAV,20241126,6.8,6.8,6.6,6.8,1002954
AAV,20241125,6.5,6.8,6.4,6.8,1314593
AAV,20241122,6.1,6.6,6.1,6.6,962935
AAV,20241121,6.2,6.2,6.0,6.1,136517
AAV,20241120,6.1,6.3,5.8,6.2,473455
AAV,20241119,6.2,6.3,6.0,6.0,325977
AAV,20241118,6.2,6.3,6.1,6.1,590019
AAV,20241115,6.3,6.4,6.1,6.3,875303
AAV,20241114,6.4,6.6,6.3,6.3,815832
AAV,20241113,6.2,6.6,6.2,6.5,1167844
AAV,20241112,6.2,6.4,6.1,6.2,489629
AAV,20241111,6.3,6.4,6.2,6.2,898535
AAV,20241108,6.2,6.4,6.1,6.3,736468
AAV,20241107,6.3,6.3,6.2,6.2,273626
AAV,20241106,6.2,6.4,6.2,6.3,426228
AAV,20241105,6.3,6.3,6.1,6.2,289602
AAV,20241104,6.1,6.3,6.1,6.3,589429
AAV,20241101,5.9,6.1,5.9,6.1,578307
AAV,20241031,5.8,5.9,5.6,5.9,1431621
AAV,20241030,5.8,6.0,5.7,5.8,523605
AAV,20241029,5.4,5.8,5.4,5.8,435022
AAV,20241028,5.6,5.6,5.4,5.5,214622
AAV,20241025,5.5,5.7,5.5,5.5,325619
AAV,20241024,5.2,5.8,5.2,5.5,561342
AAV,20241023,5.4,5.4,5.2,5.3,360657
AAV,20241022,5.5,5.5,5.3,5.4,267223
AAV,20241021,5.5,5.5,5.3,5.5,528037
AAV,20241018,5.6,5.7,5.5,5.5,238943
AAV,20241017,5.6,5.7,5.4,5.6,799329
AAV,20241016,5.7,5.7,5.5,5.7,408310
AAV,20241015,5.8,5.9,5.7,5.7,450532
AAV,20241014,5.7,5.9,5.7,5.8,641471
AAV,20241011,5.7,5.8,5.7,5.8,343507
AAV,20241010,5.9,5.9,5.7,5.7,286329
AAV,20241009,6.0,6.0,5.8,5.9,283934
AAV,20241008,6.0,6.0,5.8,6.0,361576
AAV,20241007,6.0,6.1,5.9,6.0,114221
AAV,20241004,6.1,6.1,5.8,6.0,1011802
AAV,20241003,6.4,6.4,6.0,6.2,734236
AAV,20241002,6.3,6.4,6.2,6.4,334427
AAV,20241001,6.4,6.5,6.2,6.4,720505
AAV,20240930,6.3,6.5,6.3,6.4,297750
AAV,20240927,6.4,6.5,6.2,6.3,857094
AAV,20240926,6.6,6.7,6.3,6.4,1160847
AAV,20240925,6.7,6.7,6.5,6.6,513574
AAV,20240924,6.7,6.7,6.6,6.7,282831
AAV,20240923,6.6,6.8,6.6,6.6,370981
AAV,20240920,6.7,6.9,6.6,6.7,411335
AAV,20240919,6.8,6.8,6.6,6.7,241204
AAV,20240918,6.8,7.0,6.6,6.7,499460
AAV,20240917,6.7,6.8,6.6,6.8,437628
AAV,20240916,6.9,7.1,6.6,6.6,951625
AAV,20240913,6.6,7.1,6.6,6.9,675030
AAV,20240912,6.4,6.9,6.4,6.8,1535524
AAV,20240911,6.4,6.5,6.2,6.4,361597
AAV,20240910,6.3,6.4,6.2,6.4,604419
AAV,20240909,6.3,6.3,6.2,6.2,202712
AAV,20240906,6.2,6.4,6.1,6.3,988559
AAV,20240905,6.5,6.7,6.3,6.3,1271393
AAV,20240904,6.6,6.7,6.5,6.5,788796
AAV,20240830,6.3,6.8,6.3,6.6,1063929
AAV,20240829,5.8,6.5,5.8,6.4,562420
AAV,20240828,6.4,6.6,6.2,6.4,775137
AAV,20240827,6.7,6.8,6.3,6.4,919738
AAV,20240826,6.3,6.9,6.3,6.7,2172947
AAV,20240823,6.2,6.4,6.2,6.3,754193
AAV,20240822,5.9,6.5,5.9,6.2,1447294
AAV,20240821,6.0,6.2,6.0,6.0,259950
AAV,20240820,6.0,6.1,5.9,6.1,516684
AAV,20240819,6.0,6.2,5.9,6.0,503428
AAV,20240816,5.7,6.2,5.7,6.0,811980
AAV,20240815,5.8,5.9,5.7,5.7,328597
AAV,20240814,5.9,6.0,5.9,5.9,272974
AAV,20240813,5.8,6.0,5.8,5.9,372725
AAV,20240812,5.8,6.0,5.8,5.8,305866
AAV,20240809,5.8,6.0,5.8,5.8,278589
AAV,20240808,5.9,6.0,5.8,5.9,537702
AAV,20240807,5.7,5.9,5.7,5.9,167351
AAV,20240806,5.7,5.9,5.7,5.7,416496
AAV,20240805,6.0,6.0,5.6,5.7,852602
AAV,20240802,5.9,6.1,5.7,6.0,699198
AAV,20240801,6.3,6.4,5.8,6.0,1436166
AAV,20240731,6.3,6.5,6.2,6.3,809103
AAV,20240730,6.4,6.4,6.2,6.3,350729
AAV,20240729,6.1,6.6,6.1,6.4,1808912
AAV,20240726,6.0,6.1,5.9,6.1,322440
AAV,20240725,6.1,6.1,5.9,6.0,243133
AAV,20240724,5.9,6.0,5.7,6.0,550911
AAV,20240723,6.1,6.1,5.9,5.9,413024
AAV,20240722,5.8,6.1,5.7,6.1,891482
AAV,20240719,5.8,5.9,5.7,5.8,320272
AAV,20240718,5.7,5.9,5.7,5.8,357432
AAV,20240717,6.1,6.1,5.6,5.7,735992
AAV,20240716,6.1,6.2,5.9,6.1,733701
AAV,20240715,6.1,6.3,5.9,6.0,478079
AAV,20240712,5.8,6.2,5.7,6.1,725911
AAV,20240711,5.8,6.1,5.7,5.7,471406
AAV,20240710,6.2,6.6,5.8,5.8,864149
AAV,20240709,5.6,6.1,5.6,6.1,817889
AAV,20240708,5.6,5.7,5.5,5.6,625576
AAV,20240705,5.6,5.7,5.5,5.6,416583
AAV,20240704,5.6,5.7,5.5,5.6,400799
AAV,20240703,5.5,5.7,5.5,5.6,409376
AAV,20240702,5.5,5.6,5.4,5.6,326194
AAV,20240701,5.5,5.5,5.4,5.5,233628
AAV,20240628,5.7,5.7,5.4,5.5,396565
AAV,20240627,5.6,5.8,5.6,5.7,507090
AAV,20240626,5.8,5.8,5.6,5.6,504779
AAV,20240625,5.8,5.9,5.6,5.7,371163
AAV,20240624,6.0,6.1,5.7,5.9,477664
AAV,20240621,5.8,6.0,5.6,6.0,757662
AAV,20240620,5.6,5.8,5.6,5.7,797558
AAV,20240619,5.8,5.9,5.5,5.6,796088
AAV,20240618,5.5,6.0,5.5,5.8,850329
AAV,20240617,5.8,5.8,5.5,5.5,805289
AAV,20240614,6.0,6.0,5.7,5.7,858449
AAV,20240613,5.9,6.1,5.8,6.0,828539
AAV,20240612,6.0,6.1,5.8,5.9,621939
AAV,20240611,6.2,6.2,5.8,5.9,991185
AAV,20240610,6.4,6.4,6.0,6.2,644755
AAV,20240607,5.9,6.4,5.7,6.3,1750396
AAV,20240606,6.2,6.4,5.6,5.9,1870532
AAV,20240605,6.2,6.7,6.2,6.2,1217894
AAV,20240604,6.3,6.5,6.0,6.2,1304890
AAV,20240603,6.8,6.9,6.3,6.3,4319626
AAV,20240531,7.6,7.7,6.9,6.9,5124062
AAV,20240530,7.0,7.7,6.4,7.6,3905374
AAV,20240529,7.7,7.7,6.9,7.0,2412495
AAV,20240528,6.4,7.0,6.3,7.0,3832258
AAV,20240527,6.5,6.8,6.2,6.4,1048158
AAV,20240524,6.0,6.5,5.9,6.5,1898254
AAV,20240523,6.3,6.3,5.9,6.0,866391
AAV,20240522,6.2,6.6,6.0,6.1,1786400
AAV,20240521,5.7,6.1,5.7,6.1,1981857
AAV,20240520,5.5,5.6,5.1,5.6,2837321
AAV,20240517,5.5,5.5,5.0,5.1,2959973
AAV,20240516,5.3,5.7,5.2,5.2,2118584
AAV,20240515,5.6,5.6,5.1,5.2,2890457
AAV,20240514,6.2,6.3,5.6,5.6,3902263
AAV,20240513,6.5,7.2,6.2,6.2,1067546
AAV,20240510,7.0,7.1,6.4,6.6,4399462
AAV,20240509,6.6,6.8,6.3,6.8,3121749
AAV,20240508,5.7,6.2,5.6,6.2,1414952
AAV,20240507,6.9,6.9,5.7,5.7,5704704
AAV,20240506,5.9,6.3,5.8,6.3,1807268
AAV,20240503,5.3,5.8,5.1,5.8,3174084
AAV,20240502,4.9,5.3,4.6,5.3,1386965
AAV,20240426,4.6,4.9,4.4,4.9,1006535
AAV,20240425,4.5,4.6,4.3,4.6,2738383
AAV,20240424,4.0,4.2,3.9,4.2,2513711
AAV,20240423,3.6,3.9,3.6,3.9,2354313
AAV,20240422,3.3,3.6,3.3,3.6,979914
AAV,20240419,3.3,3.5,3.2,3.3,532960
AAV,20240417,3.0,3.3,3.0,3.3,722257
AAV,20240416,3.2,3.2,2.9,3.0,399727
AAV,20240415,3.4,3.5,3.1,3.1,730978
AAV,20240412,3.6,3.6,3.4,3.4,598706
AAV,20240411,3.6,3.7,3.4,3.6,665009
AAV,20240410,3.6,3.9,3.5,3.6,1071759
AAV,20240409,3.6,3.8,3.3,3.7,2585164
AAV,20240408,3.7,3.7,3.6,3.6,222269
AAV,20240405,3.8,3.8,3.6,3.7,410120
AAV,20240404,3.8,3.8,3.7,3.8,438852
AAV,20240403,3.8,3.9,3.7,3.8,672597
AAV,20240402,3.8,3.8,3.7,3.8,454310
AAV,20240401,3.7,3.8,3.7,3.7,593563
AAV,20240329,3.7,3.7,3.6,3.7,281020
AAV,20240328,3.7,3.8,3.6,3.7,384078
AAV,20240327,3.7,3.8,3.6,3.7,352449
AAV,20240326,3.7,3.8,3.6,3.6,223892
AAV,20240325,3.7,3.8,3.7,3.7,563005
AAV,20240322,3.8,3.8,3.7,3.8,319406
AAV,20240321,3.8,3.8,3.7,3.8,289998
AAV,20240320,3.7,3.8,3.7,3.8,81701
AAV,20240319,3.8,3.8,3.7,3.7,310081
AAV,20240318,3.8,3.9,3.7,3.8,422011
AAV,20240315,3.8,3.8,3.7,3.8,283007
AAV,20240314,3.9,3.9,3.7,3.8,599011
AAV,20240313,3.8,3.9,3.7,3.9,498982
AAV,20240312,3.8,3.8,3.7,3.7,66928
AAV,20240311,3.8,3.9,3.7,3.7,273468
AAV,20240308,3.8,3.8,3.7,3.8,383114
AAV,20240307,3.8,3.9,3.8,3.8,196264
AAV,20240306,3.8,3.9,3.8,3.8,598518
AAV,20240305,3.8,3.9,3.8,3.8,312614
AAV,20240304,3.8,3.9,3.8,3.8,291669
AAV,20240301,3.9,3.9,3.8,3.8,598346
AAV,20240229,3.9,4.0,3.8,3.9,673190
AAV,20240228,3.9,4.0,3.8,4.0,300874
AAV,20240227,3.9,4.0,3.8,3.9,363916
AAV,20240226,3.9,4.0,3.8,3.9,199217
AAV,20240223,4.1,4.1,3.9,3.9,467105
AAV,20240222,3.9,4.1,3.9,4.1,792036
AAV,20240221,3.9,4.0,3.9,3.9,302293
AAV,20240220,3.9,4.0,3.8,4.0,383346
AAV,20240219,3.9,4.0,3.8,3.9,239308
AAV,20240216,3.8,4.0,3.8,3.9,244327
AAV,20240215,3.7,3.9,3.7,3.8,234770
AAV,20240207,3.7,3.9,3.7,3.7,186444
AAV,20240206,3.7,3.8,3.7,3.7,221193
AAV,20240205,3.7,3.8,3.7,3.7,142315
AAV,20240202,3.8,3.9,3.7,3.7,279324
AAV,20240201,3.8,3.9,3.7,3.8,144941
AAV,20240131,3.8,3.9,3.7,3.8,293421
AAV,20240130,3.9,3.9,3.7,3.9,336062
AAV,20240129,4.0,4.0,3.8,3.8,1009543
AAV,20240126,4.0,4.0,3.9,4.0,127383
AAV,20240125,3.9,4.0,3.9,4.0,90160
AAV,20240124,3.9,4.0,3.9,3.9,160146
AAV,20240123,4.0,4.0,3.9,3.9,279026
AAV,20240122,4.0,4.1,3.9,3.9,169636
AAV,20240119,4.1,4.2,3.8,4.0,270884
AAV,20240118,3.9,4.1,3.8,4.1,1318526
AAV,20240117,3.8,3.9,3.8,3.8,244923
AAV,20240116,3.8,3.9,3.7,3.9,155887
AAV,20240115,3.8,3.9,3.8,3.8,241042
AAV,20240112,3.9,4.0,3.7,3.7,538539
AAV,20240111,4.0,4.0,3.8,4.0,253015
AAV,20240110,3.9,4.0,3.8,3.9,364315
AAV,20240109,4.0,4.1,3.9,3.9,1064068
AAV,20240108,4.0,4.1,4.0,4.0,154415
AAV,20240105,4.0,4.1,3.9,4.0,265650
AAV,20240104,4.0,4.1,4.0,4.0,967241
AAV,20240103,4.0,4.1,4.0,4.1,173373
AAV,20240102,4.1,4.1,4.0,4.0,136956
AAV,20231229,4.1,4.1,4.0,4.1,325410
AAV,20231228,4.1,4.2,4.0,4.0,618524
AAV,20231227,4.2,4.2,3.9,4.1,678560
AAV,20231226,4.1,4.2,4.0,4.1,135287
AAV,20231225,4.2,4.2,4.0,4.1,654042
AAV,20231222,4.2,4.3,4.2,4.2,95271
AAV,20231221,4.3,4.3,4.1,4.3,138732
AAV,20231220,4.2,4.3,4.2,4.3,147263
AAV,20231219,4.3,4.4,4.2,4.2,291307
AAV,20231218,4.2,4.3,4.2,4.3,158242
AAV,20231215,4.2,4.3,4.1,4.2,240769
AAV,20231214,4.3,4.3,4.2,4.2,184604
AAV,20231213,4.2,4.4,4.2,4.3,175435
AAV,20231212,4.3,4.4,4.3,4.3,350135
AAV,20231211,4.3,4.5,4.2,4.3,317876
AAV,20231208,4.4,4.5,4.3,4.3,447329
AAV,20231207,4.3,4.5,4.2,4.3,1180290
AAV,20231206,4.2,4.4,4.2,4.3,453859
AAV,20231205,4.2,4.3,4.1,4.2,301147
AAV,20231204,4.2,4.3,4.1,4.2,233733
AAV,20231201,4.2,4.2,4.1,4.1,248661
AAV,20231130,4.2,4.3,4.1,4.2,120754
AAV,20231129,4.1,4.3,4.1,4.2,60111
AAV,20231128,4.1,4.2,4.0,4.1,217490
AAV,20231127,4.2,4.3,4.1,4.1,195445
AAV,20231124,4.4,4.4,4.1,4.3,471075
AAV,20231123,4.5,4.5,4.4,4.4,358990
AAV,20231122,4.4,4.6,4.3,4.4,955123
AAV,20231121,4.4,4.5,4.3,4.3,232399
AAV,20231120,4.4,4.5,4.2,4.4,156754
AAV,20231117,4.4,4.6,4.3,4.4,495140
AAV,20231116,4.4,4.4,4.3,4.4,196668
AAV,20231115,4.4,4.6,4.3,4.4,245352
AAV,20231114,4.4,4.5,4.3,4.4,145619
AAV,20231113,4.4,4.5,4.3,4.4,140344
AAV,20231110,4.5,4.6,4.3,4.4,300599
AAV,20231109,4.4,4.7,4.3,4.5,523338
AAV,20231108,4.1,4.4,4.1,4.4,343216
AAV,20231107,4.2,4.2,4.1,4.1,140158
AAV,20231106,4.2,4.3,4.2,4.3,108441
AAV,20231103,4.4,4.4,4.2,4.2,215877
AAV,20231102,4.0,4.4,4.0,4.4,335440
AAV,20231101,3.8,4.0,3.8,4.0,98642
AAV,20231031,3.9,4.0,3.8,3.8,199840
AAV,20231030,4.0,4.0,3.9,3.9,121747
AAV,20231026,4.2,4.2,3.8,3.8,745683
AAV,20231025,4.3,4.4,4.2,4.2,165777
AAV,20231024,4.3,4.4,4.2,4.3,246635
AAV,20231023,4.4,4.4,4.2,4.3,311001
AAV,20231020,4.2,4.3,3.9,4.3,273975
AAV,20231019,4.2,4.3,3.9,4.1,270760
AAV,20231018,4.4,4.5,4.1,4.2,337937
AAV,20231017,4.5,4.6,4.4,4.4,138142
AAV,20231016,4.6,4.6,4.4,4.5,275895
AAV,20231013,4.6,4.6,4.5,4.6,203001
AAV,20231012,4.8,4.8,4.6,4.6,310265
AAV,20231011,4.7,4.7,4.5,4.7,254568
AAV,20231010,4.5,4.8,4.4,4.7,495409
AAV,20231009,4.3,4.5,4.3,4.5,242803
AAV,20231006,4.4,4.5,4.2,4.3,414514
AAV,20231005,4.5,4.6,4.4,4.4,443647
AAV,20231004,4.5,4.6,4.3,4.4,617876
AAV,20231003,4.9,4.9,4.5,4.5,446304
AAV,20231002,4.9,5.0,4.8,4.9,190769
AAV,20230929,4.8,5.0,4.8,4.9,264600
AAV,20230928,4.8,4.9,4.6,4.8,319170
AAV,20230927,4.7,4.8,4.5,4.7,402164
AAV,20230926,4.8,5.0,4.6,4.7,714192
AAV,20230925,5.4,5.4,4.8,4.8,663127
AAV,20230922,5.7,5.7,5.2,5.3,1520913
AAV,20230921,5.9,5.9,5.6,5.7,776645
AAV,20230920,5.7,5.9,5.6,5.8,446792
AAV,20230918,5.7,5.9,5.7,5.8,598432
AAV,20230915,5.9,6.0,5.7,5.8,591319
AAV,20230914,6.0,6.0,5.8,5.9,644068
AAV,20230913,6.2,6.3,5.9,6.0,1441096
AAV,20230912,6.0,6.2,5.9,6.2,594351
AAV,20230911,6.4,6.5,6.0,6.0,921176
AAV,20230908,6.2,6.5,6.1,6.4,1886535
AAV,20230907,6.2,6.4,6.1,6.2,1068794
AAV,20230906,6.5,6.5,6.1,6.2,1049950
AAV,20230905,5.8,6.3,5.8,6.3,1466170
AAV,20230831,5.8,5.9,5.7,5.8,998997
AAV,20230830,5.8,5.9,5.7,5.8,631076
AAV,20230829,5.8,6.0,5.8,5.8,917333
AAV,20230828,5.8,5.8,5.6,5.8,754132
AAV,20230826,5.9,5.9,5.7,5.7,731580
AAV,20230825,5.9,5.9,5.7,5.7,731580
AAV,20230824,5.9,5.9,5.7,5.9,727767
AAV,20230823,5.8,5.9,5.7,5.8,303142
AAV,20230822,5.7,5.9,5.4,5.8,1151973
AAV,20230821,6.0,6.1,5.7,5.8,654785
AAV,20230818,6.6,6.6,6.0,6.0,1936222
AAV,20230817,6.8,6.9,6.6,6.6,1419804
AAV,20230816,7.1,7.1,6.7,6.8,1149837
AAV,20230815,6.9,7.4,6.8,7.0,2284797
AAV,20230814,6.9,7.0,6.7,6.9,1841640
AAV,20230811,6.7,7.0,6.6,6.9,1442309
AAV,20230810,6.9,7.2,6.7,6.7,1231872
AAV,20230809,6.7,6.9,6.6,6.9,901967
AAV,20230808,6.9,7.1,6.7,6.7,1813864
AAV,20230807,6.7,6.9,6.7,6.8,1046000
AAV,20230804,6.5,6.7,6.5,6.7,1235332
AAV,20230803,6.8,6.8,6.4,6.5,1064584
AAV,20230802,6.5,6.7,6.3,6.7,1146632
AAV,20230801,7.2,7.3,6.5,6.5,2631945
AAV,20230731,6.9,7.5,6.9,7.2,1928847
AAV,20230728,6.3,6.9,6.3,6.9,4263707
AAV,20230727,6.1,6.4,6.0,6.3,1613682
AAV,20230726,6.1,6.1,6.0,6.1,431954
AAV,20230725,6.3,6.5,6.1,6.1,1340766
AAV,20230724,6.0,6.2,5.9,6.2,1362647
AAV,20230721,5.9,6.1,5.9,6.0,588601
AAV,20230720,5.9,6.0,5.7,5.9,461072
AAV,20230719,6.1,6.3,5.9,5.9,953348
AAV,20230718,6.4,6.4,6.1,6.1,517796
AAV,20230717,6.2,6.4,6.1,6.3,1724968
AAV,20230714,6.2,6.4,6.0,6.2,438741
AAV,20230713,6.0,6.2,6.0,6.2,1155799
AAV,20230712,6.1,6.3,5.9,6.0,529055
AAV,20230711,6.0,6.3,5.9,6.1,1522457
AAV,20230710,5.7,5.9,5.6,5.9,783767
AAV,20230707,5.6,5.7,5.5,5.6,395004
AAV,20230706,5.7,5.7,5.5,5.6,293389
AAV,20230705,5.8,5.9,5.6,5.6,655382
AAV,20230704,5.6,5.8,5.5,5.8,353864
AAV,20230703,5.4,5.7,5.3,5.5,269929
AAV,20230630,5.5,5.6,5.4,5.4,359718
AAV,20230629,5.8,5.9,5.5,5.5,1146268
AAV,20230628,6.0,6.2,5.9,5.9,587971
AAV,20230627,6.0,6.1,5.8,6.0,420199
AAV,20230626,6.3,6.3,5.7,6.0,879083
AAV,20230623,6.2,6.4,6.1,6.3,867874
AAV,20230622,6.2,6.4,6.1,6.2,884810
AAV,20230621,6.1,6.3,6.0,6.2,591230
AAV,20230620,5.8,6.2,5.6,6.1,1108168
AAV,20230619,6.2,6.3,5.8,5.8,997132
AAV,20230616,6.3,6.7,6.1,6.2,1262797
AAV,20230615,6.2,6.4,6.0,6.2,852687
AAV,20230614,6.7,6.8,6.0,6.3,1513203
AAV,20230613,7.0,7.0,6.5,6.6,921716
AAV,20230612,6.4,6.9,6.2,6.9,1515548
AAV,20230609,6.4,6.4,6.1,6.3,1012051
AAV,20230608,6.7,7.0,6.1,6.4,1530381
AAV,20230607,6.4,6.4,6.2,6.4,1846218
AAV,20230606,5.4,5.9,5.3,5.9,1178457
AAV,20230605,5.6,5.8,5.3,5.4,866213
AAV,20230602,5.9,6.0,5.5,5.6,1073430
AAV,20230601,5.7,5.9,5.7,5.9,900408
AAV,20230531,5.7,5.9,5.6,5.7,1339831
AAV,20230530,5.8,5.8,5.3,5.7,1169269
AAV,20230529,5.3,5.5,5.2,5.5,1239983
AAV,20230526,4.6,5.0,4.6,5.0,1541807
AAV,20230525,4.6,4.6,4.5,4.6,432089
AAV,20230524,4.5,4.7,4.5,4.6,268253
AAV,20230523,4.4,4.6,4.4,4.5,135332
AAV,20230522,4.5,4.6,4.4,4.4,215796
AAV,20230519,4.5,4.6,4.4,4.5,188228
AAV,20230518,4.5,4.7,4.5,4.5,226462
AAV,20230517,4.7,4.7,4.5,4.6,374881
AAV,20230516,4.6,4.8,4.5,4.6,252238
AAV,20230515,4.7,4.9,4.6,4.6,526834
AAV,20230512,4.5,4.8,4.5,4.6,544820
AAV,20230511,4.6,4.8,4.5,4.5,314949
AAV,20230510,4.4,4.7,4.4,4.6,683262
AAV,20230509,4.3,4.4,4.2,4.4,272517
AAV,20230508,4.2,4.3,4.1,4.3,262887
AAV,20230505,4.2,4.3,4.1,4.2,239770
AAV,20230504,4.3,4.3,4.1,4.3,107361
AAV,20230428,4.2,4.3,4.1,4.3,138307
AAV,20230427,4.2,4.2,4.1,4.2,139201
AAV,20230426,4.2,4.3,4.1,4.2,62764
AAV,20230425,4.2,4.3,4.1,4.2,94365
AAV,20230424,4.3,4.3,4.1,4.2,219845
AAV,20230421,4.4,4.4,4.2,4.3,117583
AAV,20230420,4.3,4.4,4.2,4.4,52308
AAV,20230419,4.4,4.4,4.3,4.3,106031
AAV,20230418,4.5,4.5,4.4,4.4,146421
AAV,20230417,4.4,4.6,4.3,4.4,429270
AAV,20230414,4.4,4.5,4.3,4.4,288726
AAV,20230413,4.5,4.5,4.4,4.4,155627
AAV,20230412,4.5,4.5,4.4,4.5,193700
AAV,20230411,4.6,4.6,4.3,4.4,240470
AAV,20230410,4.5,4.7,4.4,4.5,486876
AAV,20230407,4.5,4.7,4.4,4.4,397496
AAV,20230406,4.5,4.8,4.4,4.5,975748
AAV,20230405,4.2,4.4,4.1,4.4,638717
AAV,20230404,4.3,4.3,4.1,4.3,261157
AAV,20230403,3.9,4.2,3.8,4.2,919131
AAV,20230331,3.9,3.9,3.8,3.9,189341
AAV,20230330,3.9,4.0,3.8,3.9,117705
AAV,20230329,3.9,3.9,3.8,3.9,78095
AAV,20230328,3.8,4.0,3.8,3.8,205497
AAV,20230327,3.9,3.9,3.8,3.8,65234
AAV,20230324,3.8,3.9,3.7,3.8,118144
AAV,20230323,3.7,3.9,3.7,3.7,73071
AAV,20230322,3.8,3.9,3.8,3.8,75359
AAV,20230321,3.8,3.9,3.7,3.8,58141
AAV,20230320,4.0,4.0,3.7,3.9,143378
AAV,20230317,4.0,4.0,3.8,3.9,59669
AAV,20230316,3.9,4.0,3.8,4.0,57926
AAV,20230315,3.8,4.0,3.8,3.9,111744
AAV,20230314,3.9,4.0,3.8,3.8,203217
AAV,20230313,4.0,4.0,3.8,4.0,165099
AAV,20230310,4.0,4.0,3.9,4.0,50612
AAV,20230309,4.0,4.1,3.9,4.0,195579
AAV,20230308,4.0,4.0,3.8,4.0,246980
AAV,20230307,4.0,4.1,3.9,4.0,80973
AAV,20230306,3.9,4.2,3.9,4.0,237782
AAV,20230303,3.8,4.0,3.8,3.9,171075
AAV,20230302,3.9,4.0,3.8,3.8,184001
AAV,20230301,3.9,4.0,3.8,3.9,162131
AAV,20230228,4.0,4.1,3.9,3.9,393856
AAV,20230227,4.1,4.1,3.9,4.0,328172
AAV,20230224,4.2,4.3,4.1,4.1,266492
AAV,20230223,4.3,4.3,4.1,4.2,316457
AAV,20230222,4.5,4.5,4.3,4.3,370239
AAV,20230221,4.6,4.6,4.4,4.5,309595
AAV,20230220,4.3,4.5,4.3,4.5,617296
AAV,20230217,4.2,4.5,4.2,4.3,259142
AAV,20230216,4.4,4.4,4.2,4.2,367655
AAV,20230215,4.4,4.4,4.1,4.3,289833
AAV,20230214,4.3,4.3,4.1,4.3,195713
AAV,20230213,4.4,4.4,4.1,4.2,463752
AAV,20230210,4.6,4.6,4.4,4.4,390095
AAV,20230209,4.6,4.7,4.5,4.5,314797
AAV,20230208,4.8,4.9,4.4,4.7,828761
AAV,20230207,4.9,5.0,4.7,4.7,384518
AAV,20230206,4.8,5.0,4.7,5.0,287634
AAV,20230203,4.9,5.1,4.8,4.9,486521
AAV,20230202,5.3,5.5,4.8,4.9,377087
AAV,20230201,4.8,5.3,4.8,5.3,1373988
AAV,20230131,4.9,5.0,4.7,4.9,442162
AAV,20230130,4.7,5.0,4.6,4.9,369889
AAV,20230127,4.8,5.1,4.7,4.7,221798
AAV,20230119,4.8,4.8,4.6,4.8,178447
AAV,20230118,4.4,4.8,4.4,4.7,280574
AAV,20230117,4.4,4.5,4.3,4.5,175990
AAV,20230116,4.4,4.5,4.3,4.3,127729
AAV,20230113,4.5,4.6,4.4,4.4,78490
AAV,20230112,4.6,4.6,4.3,4.4,125995
AAV,20230111,4.4,4.7,4.3,4.4,202166
AAV,20230110,4.3,4.5,4.3,4.5,103581
AAV,20230109,4.3,4.7,4.3,4.5,37763
AAV,20230106,4.6,4.8,4.3,4.3,312065
AAV,20230105,4.7,4.9,4.6,4.7,89657
AAV,20230104,4.7,5.0,4.6,4.8,235534
AAV,20230103,4.2,4.7,4.2,4.7,212774
AAV,20221230,4.3,4.4,4.2,4.3,94483
AAV,20221229,4.3,4.5,4.2,4.3,36665
AAV,20221228,4.4,4.8,4.3,4.3,68872
AAV,20221227,4.1,4.5,3.7,4.5,183603
AAV,20221226,4.5,4.5,4.1,4.1,131004
AAV,20221223,4.8,4.8,4.5,4.5,65338
AAV,20221222,4.9,5.1,4.6,4.8,80848
AAV,20221221,4.7,5.1,4.5,4.9,322217
AAV,20221220,5.2,5.5,4.8,5.0,314037
AAV,20221219,5.4,5.5,5.2,5.2,270890
AAV,20221216,5.3,5.6,5.2,5.4,109765
AAV,20221215,5.2,5.6,5.2,5.4,139077
AAV,20221214,5.0,5.5,5.0,5.3,311879
AAV,20221213,5.0,5.2,4.6,5.0,290617
AAV,20221212,5.3,5.7,5.0,5.0,499678
AAV,20221209,5.5,5.5,5.1,5.3,154308
AAV,20221208,4.6,5.5,4.6,5.5,302140
AAV,20221207,5.0,5.3,5.0,5.0,332843
AAV,20221206,6.1,6.1,5.5,5.5,510891
AAV,20221205,5.8,6.2,5.8,6.1,298858
AAV,20221202,5.5,5.9,5.1,5.8,461519
AAV,20221201,5.4,5.5,5.2,5.5,549163
AAV,20221130,4.7,5.0,4.6,5.0,511272
AAV,20221129,4.6,4.6,4.1,4.6,391356
AAV,20221128,3.9,4.2,3.9,4.2,79615
AAV,20221125,3.6,3.9,3.6,3.9,257150
AAV,20221124,3.4,3.7,3.3,3.6,131699
AAV,20221123,3.9,3.9,3.6,3.6,262769
AAV,20221122,3.9,4.2,3.8,3.9,491669
AAV,20221121,3.8,3.9,3.7,3.9,353620
AAV,20221118,3.3,3.6,3.3,3.6,325457
AAV,20221117,3.0,3.3,3.0,3.3,207229
AAV,20221116,2.6,3.0,2.6,3.0,342577
AAV,20221115,3.0,3.0,2.8,2.8,229730
AAV,20221114,3.4,3.5,3.1,3.1,273402
AAV,20221111,3.6,3.7,3.3,3.4,260339
AAV,20221110,4.0,4.0,3.6,3.6,89085
AAV,20221109,3.8,4.2,3.8,4.0,89820
AAV,20221108,4.2,4.3,4.0,4.0,252116
AAV,20221107,4.8,4.8,4.4,4.4,111370
AAV,20221104,4.6,4.8,4.4,4.8,203585
AAV,20221103,4.9,5.0,4.6,4.8,87784
AAV,20221102,4.9,5.0,4.8,4.9,61419
AAV,20221101,4.8,5.1,4.8,4.9,66303
AAV,20221031,5.1,5.3,4.7,5.0,76560
AAV,20221028,5.2,5.6,5.1,5.1,144040
AAV,20221027,4.5,5.2,4.5,5.2,269341
AAV,20221026,4.8,5.1,4.6,4.8,61530
AAV,20221025,5.2,5.5,4.8,5.0,334722
AAV,20221024,5.7,5.7,5.2,5.2,204298
AAV,20221021,5.9,5.9,5.4,5.7,206438
AAV,20221020,6.0,6.0,5.8,5.9,47676
AAV,20221019,6.1,6.2,6.0,6.0,51511
AAV,20221018,6.0,6.3,5.9,6.2,125061
AAV,20221017,6.1,6.3,5.9,6.1,89643
AAV,20221014,6.1,6.3,6.0,6.1,92956
AAV,20221013,5.8,6.0,5.7,5.9,75582
AAV,20221012,5.6,5.7,5.4,5.7,133963
AAV,20221011,6.2,6.2,5.6,5.6,162596
AAV,20221010,6.2,6.4,5.8,6.2,120865
AAV,20221007,6.6,6.6,6.1,6.2,177453
AAV,20221006,6.9,7.0,6.6,6.6,136448
AAV,20221005,6.8,6.9,6.7,6.9,119902
AAV,20221004,6.7,6.9,6.6,6.7,187147
AAV,20221003,6.8,6.9,6.6,6.6,204434
AAV,20220930,6.8,6.9,6.6,6.8,244335
AAV,20220929,6.9,7.1,6.7,6.8,155071
AAV,20220928,6.9,7.1,6.8,6.8,122691
AAV,20220927,6.7,7.0,6.7,6.9,223244
AAV,20220926,7.1,7.1,6.7,6.7,214030
AAV,20220923,7.3,7.3,7.0,7.1,227150
AAV,20220922,7.1,7.4,7.1,7.2,148636
AAV,20220921,7.3,7.4,7.1,7.2,79227
AAV,20220920,7.2,7.5,7.1,7.3,154614
AAV,20220919,7.6,7.9,7.2,7.2,197696
AAV,20220916,7.8,8.0,7.6,7.6,92718
AAV,20220915,8.2,8.2,7.8,7.8,71155
AAV,20220914,8.0,8.2,7.9,8.0,104657
AAV,20220913,8.0,8.3,8.0,8.2,115109
AAV,20220912,8.1,8.3,8.1,8.2,51589
AAV,20220909,8.2,8.5,7.7,8.1,168114
AAV,20220908,8.2,8.5,8.0,8.2,90806
AAV,20220907,8.6,8.9,8.2,8.2,317256
AAV,20220906,9.0,9.0,8.5,8.8,165620
AAV,20220905,8.9,9.1,8.7,8.7,154364
AAV,20220831,8.8,9.0,8.8,8.9,94400
AAV,20220830,9.2,9.2,8.8,8.9,102300
AAV,20220829,9.5,9.5,8.6,9.0,281736
AAV,20220826,9.4,9.5,9.1,9.2,127101
AAV,20220825,9.2,9.5,9.2,9.4,82428
AAV,20220824,9.1,9.4,9.1,9.2,149330
AAV,20220823,8.7,9.1,8.7,9.1,320412
AAV,20220822,9.2,9.2,8.9,8.9,191340
AAV,20220819,9.1,9.5,9.1,9.2,110328
AAV,20220818,9.5,9.5,9.3,9.5,99000
AAV,20220817,9.5,9.7,9.3,9.5,137462
AAV,20220816,9.7,9.7,9.5,9.5,184300
AAV,20220815,10.0,10.0,9.6,9.7,158143
AAV,20220812,9.8,9.8,9.6,9.8,164139
AAV,20220811,10.2,10.6,9.8,9.8,340473
AAV,20220810,9.6,10.2,9.6,10.2,504934
AAV,20220809,9.6,9.8,9.6,9.6,248511
AAV,20220808,9.8,9.9,9.6,9.6,243853
AAV,20220805,9.6,9.8,9.4,9.6,161260
AAV,20220804,9.5,9.8,9.4,9.6,174268
AAV,20220803,9.5644,9.5644,9.2746,9.3721,213172
AAV,20220802,8.9857,9.7586,8.9857,9.5654,372515
AAV,20220801,8.7924,9.0823,8.7924,8.9857,117208
AAV,20220729,8.9847,9.0813,8.7915,8.889,111246
AAV,20220728,8.7915,9.178,8.6949,8.889,200519
AAV,20220727,8.5992,8.6958,8.4059,8.6958,62857
AAV,20220726,8.6958,8.9857,8.5992,8.5992,114284
AAV,20220725,8.6949,8.9847,8.6949,8.7924,116329
AAV,20220722,9.0813,9.0813,8.8881,8.889,81503
AAV,20220721,9.0823,9.1789,8.889,8.9857,63119
AAV,20220720,8.9857,9.1789,8.889,9.0823,255325
AAV,20220719,9.1789,9.3721,8.889,8.9857,112500
AAV,20220718,9.3721,9.4688,9.0823,9.1789,156053
AAV,20220715,8.5983,9.3712,8.5983,9.3721,434682
AAV,20220714,8.5992,8.6958,8.5026,8.5992,129405
AAV,20220713,8.5992,8.889,8.5992,8.5992,128434
AAV,20220712,8.2127,8.7924,8.2127,8.5992,237060
AAV,20220711,8.5026,8.5992,8.2127,8.5026,139612
AAV,20220708,8.1161,8.5992,7.9228,8.5026,164742
AAV,20220707,8.1152,8.1152,7.8254,7.9228,86712
AAV,20220706,7.922,8.4051,7.6322,7.8262,200630
AAV,20220705,8.4059,8.5026,7.9228,8.2127,65325
AAV,20220704,8.4051,8.7915,8.4051,8.4059,157056
AAV,20220701,8.2119,8.5983,7.8254,8.4059,227340
AAV,20220630,8.5026,8.7924,8.2127,8.2127,139530
AAV,20220629,8.5026,8.9857,8.1161,8.5026,285401
AAV,20220628,8.6958,9.2755,8.5026,8.5026,428931
AAV,20220627,7.8262,8.5992,7.8262,8.5992,336702
AAV,20220624,7.2458,7.8254,7.2458,7.8262,241446
AAV,20220623,6.7634,7.1499,6.6668,7.1499,182012
AAV,20220622,6.2803,6.5702,5.7972,6.5702,345300
AAV,20220621,6.5695,6.5695,5.9898,5.9904,375301
AAV,20220620,7.2465,7.2465,6.5702,6.5702,417351
AAV,20220617,7.9228,7.9228,7.1499,7.2465,261848
AAV,20220616,8.0186,8.6949,7.922,7.9228,235439
AAV,20220615,8.6958,8.6958,7.8262,8.0195,176630
AAV,20220614,8.9857,9.0823,8.2127,8.6958,281360
AAV,20220613,9.8552,9.8552,8.9857,8.9857,335738
AAV,20220610,10.1451,10.3383,9.9519,9.9519,109678
AAV,20220609,10.1441,10.6271,10.1441,10.2417,140045
AAV,20220608,10.1441,10.4339,9.8542,10.3383,145365
AAV,20220607,10.8214,10.8214,9.7586,9.9519,327572
AAV,20220606,11.0135,11.4966,10.6271,10.7248,151400
AAV,20220603,11.2079,11.4012,11.0147,11.0147,146425
AAV,20220602,11.6898,11.6898,11.2068,11.2079,208502
AAV,20220601,11.6898,11.9796,11.4966,11.691,156690
AAV,20220531,12.1741,12.2707,11.691,11.8843,361100
AAV,20220530,12.2695,12.3661,11.9796,12.1741,171715
AAV,20220527,12.1729,12.6559,12.0763,12.2707,232588
AAV,20220526,12.1729,12.3661,12.0763,12.1741,115325
AAV,20220525,11.9796,12.1729,11.5932,12.1741,322840
AAV,20220524,11.3034,11.883,11.3034,11.7876,99101
AAV,20220523,12.0775,12.2707,11.5944,11.9809,165022
AAV,20220520,11.8843,12.3674,11.7876,12.0775,294914
AAV,20220519,11.5944,11.8843,11.3045,11.8843,184216
AAV,20220518,12.1741,12.3674,11.7876,11.8843,205115
AAV,20220517,10.7237,11.7864,10.6271,11.7876,160900
AAV,20220516,10.8203,11.4,10.6271,10.7248,178897
AAV,20220513,11.5944,11.9809,10.5316,10.5316,300102
AAV,20220512,12.9457,13.2356,11.4966,11.691,274525
AAV,20220511,11.9796,12.7525,11.9796,12.7538,246014
AAV,20220510,11.4966,12.1729,10.4339,11.7876,299418
AAV,20220509,13.72,13.72,11.4978,11.4978,271307
AAV,20220506,13.7186,13.7186,12.7525,12.7538,156506
AAV,20220505,13.72,14.2031,13.1403,13.8167,207635
AAV,20220504,14.2031,14.2031,13.6234,14.0099,128717
AAV,20220429,13.5254,14.3949,13.4288,14.2031,263047
AAV,20220428,13.5268,14.0099,13.5268,13.5268,297530
AAV,20220427,13.139,13.8152,12.8491,13.6234,230398
AAV,20220426,12.4627,13.4288,12.0763,13.1403,367157
AAV,20220425,13.2369,13.6234,12.2707,12.464,367895
AAV,20220422,12.464,13.1403,11.7876,12.9471,335308
AAV,20220421,12.6572,13.0437,12.464,12.464,643714
AAV,20220420,14.493,14.9761,13.8167,13.8167,610800
AAV,20220419,16.9085,17.295,15.266,15.266,347912
AAV,20220418,18.3578,18.7443,16.522,16.9085,556951
AAV,20220414,18.8409,19.7105,18.8409,19.1308,131620
AAV,20220413,19.324,19.324,18.3578,18.8409,221543
AAV,20220412,19.7105,20.2902,18.6477,18.6477,469376
AAV,20220408,20.4834,20.4834,19.7105,19.7105,256901
AAV,20220407,20.9644,21.061,20.2881,20.4834,287364
AAV,20220406,21.1576,21.1576,20.6745,20.9665,340050
AAV,20220405,21.7395,21.8361,21.0632,21.1598,226100
AAV,20220404,20.5801,22.3192,20.5801,21.7395,386481
AAV,20220401,20.6767,20.6767,20.1936,20.5801,380032
AAV,20220331,20.8699,21.2564,20.3868,20.6767,327710
AAV,20220330,21.7373,21.7373,20.1915,20.8699,478824
AAV,20220329,21.6406,22.1237,21.6406,21.8361,252490
AAV,20220328,22.0294,22.0294,21.4496,21.6429,426461
AAV,20220325,22.4158,22.5125,21.9327,22.0294,285499
AAV,20220324,22.4158,22.5125,21.8361,22.126,236163
AAV,20220323,22.2226,22.2226,21.9327,22.0294,255460
AAV,20220322,22.4158,22.7057,22.126,22.2226,363082
AAV,20220321,22.5101,22.8,22.2203,22.4158,331642
AAV,20220318,22.9956,22.9956,22.4158,22.5125,135885
AAV,20220317,22.3192,22.8023,22.2226,22.6091,383647
AAV,20220316,22.0294,22.6091,22.0294,22.2226,201236
AAV,20220315,21.2564,22.0294,21.2564,22.0294,193862
AAV,20220314,21.6429,21.7395,20.8699,21.2564,481248
AAV,20220311,22.2226,22.2226,21.5463,21.6429,715752
AAV,20220310,22.7057,22.8989,22.2226,22.2226,568857
AAV,20220309,23.1864,23.1864,22.2203,22.4158,599057
AAV,20220308,23.382,23.5753,23.1888,23.1888,661021
AAV,20220307,23.5753,23.8651,23.382,23.5753,445053
AAV,20220304,23.4787,24.2516,23.1888,23.6719,812137
AAV,20220303,23.6719,23.8651,23.2854,23.4787,527019
AAV,20220302,23.9618,24.0584,23.4787,23.6719,306479
AAV,20220301,23.4787,24.5415,23.1888,23.9618,706119
AAV,20220228,23.382,23.4787,22.9956,23.4787,373602
AAV,20220225,23.0898,23.8627,23.0898,23.2854,508099
AAV,20220224,24.2516,24.3482,22.2226,23.0922,1016802
AAV,20220223,24.0559,24.6356,24.0559,24.2516,421933
AAV,20220222,24.7347,24.8313,23.8651,24.155,792082
AAV,20220221,24.1525,25.6017,23.9593,24.7347,1543282
AAV,20220218,24.155,24.8313,23.6719,24.155,670404
AAV,20220217,24.3482,24.928,23.9618,24.155,498874
AAV,20220216,23.9593,24.4423,23.1864,24.3482,851917
AAV,20220215,23.4762,24.9254,23.3796,23.7685,531928
AAV,20220214,23.8627,23.8627,23.283,23.382,386512
AAV,20220211,24.3457,24.8288,23.8627,23.8651,616203
AAV,20220210,24.155,25.8942,24.155,24.155,1165069
AAV,20220209,24.155,24.4449,23.5753,24.155,1045116
AAV,20220208,24.155,24.3482,23.1888,24.155,1713974
AAV,20220207,21.1598,23.1888,21.1598,23.1888,983661
AAV,20220128,20.7733,21.2564,20.7733,21.1598,359118
AAV,20220127,18.7443,21.4496,18.7443,20.7733,343268
AAV,20220126,21.1598,21.4496,20.5801,20.5801,263840
AAV,20220125,20.8699,21.4496,20.5801,21.1598,179874
AAV,20220124,22.7057,22.7057,20.9665,21.2564,376875
AAV,20220121,21.5463,22.2226,21.2564,21.5463,231276
AAV,20220120,20.5801,22.3192,20.2902,21.5463,278419
AAV,20220119,21.0632,21.2564,20.2902,20.5801,271947
AAV,20220118,20.2902,21.7395,20.2902,20.5801,337379
AAV,20220117,22.126,23.7685,20.7733,20.7733,623504
AAV,20220114,19.8071,21.7395,19.6139,21.7395,588356
AAV,20220113,21.5463,21.9327,19.8071,19.8071,735479
AAV,20220112,22.4135,23.1864,20.6745,21.4496,887503
AAV,20220111,23.1888,23.382,22.4158,22.7057,510421
AAV,20220110,23.1888,23.9618,22.9956,23.0922,846094
AAV,20220107,23.6719,23.8651,23.0922,23.0922,953180
AAV,20220106,23.7685,24.155,23.5753,23.6719,710386
AAV,20220105,24.0559,24.5389,23.6695,23.7685,586669
AAV,20220104,22.8023,24.6381,22.8023,24.0584,756444
AAV,20211231,23.3796,23.4762,22.7034,22.8023,392912
AAV,20211230,23.3796,23.7661,23.1864,23.2854,645758
AAV,20211229,24.155,24.155,23.382,23.4787,702446
AAV,20211228,24.2516,24.6381,24.0584,24.155,1005797
AAV,20211227,23.9593,24.6356,23.6695,24.2516,833118
AAV,20211224,21.6406,23.7661,21.4474,23.7685,1177592
AAV,20211223,22.5125,22.7057,21.353,21.6429,1300777
AAV,20211222,22.8,22.9932,22.2203,22.4158,1205057
AAV,20211221,23.1888,23.1888,22.126,22.7057,1100397
AAV,20211220,23.6719,23.8651,22.9956,23.1888,842584
AAV,20211217,23.2854,23.9618,23.1888,23.6719,975691
AAV,20211216,23.4787,23.9618,23.0922,23.5753,817240
AAV,20211215,23.7685,23.9618,23.2854,23.4787,718625
AAV,20211214,23.7661,24.6356,23.6695,23.7685,628515
AAV,20211213,23.5728,23.9593,23.283,23.7685,815962
AAV,20211210,24.0584,24.0584,23.1888,23.4787,915590
AAV,20211209,23.382,24.3482,22.9956,23.5753,698753
AAV,20211208,24.1525,24.6356,23.1864,23.2854,792172
AAV,20211207,23.6719,24.5415,23.6719,24.155,689514
AAV,20211206,25.5077,26.0874,23.2854,23.6719,984296
AAV,20211203,26.6671,26.6671,25.4111,25.5077,839044
AAV,20211202,26.0874,27.5367,26.0874,26.0874,1139070
AAV,20211201,25.7975,26.4739,25.6043,25.9908,652336
AAV,20211130,25.8915,26.4711,25.6983,25.7975,748304
AAV,20211129,25.8942,26.6671,25.1212,25.8942,757728
AAV,20211126,26.0847,26.8576,25.6017,25.7975,760886
AAV,20211125,26.2806,26.5705,25.8942,26.0874,579019
AAV,20211124,26.7637,27.5367,26.0874,26.0874,549936
AAV,20211123,25.2178,26.5705,24.3482,26.5705,656292
AAV,20211122,26.5678,27.3406,24.4423,25.3144,1205882
AAV,20211119,28.986,28.986,25.7009,26.5705,2145105
AAV,20211118,27.8266,29.8556,27.5367,28.5029,1526318
AAV,20211117,28.5995,28.8894,27.5367,28.0198,1787942
AAV,20211116,31.1116,31.2083,28.8894,28.986,1842446
AAV,20211115,29.9522,31.6914,29.1792,30.9184,2209028
AAV,20211112,26.5678,29.0796,26.4711,29.0826,3623115
AAV,20211111,26.4739,26.6671,26.0874,26.4739,1250285
AAV,20211110,26.4739,26.8604,26.0874,26.4739,822032
AAV,20211109,27.2468,27.2468,26.2806,26.4739,790667
AAV,20211108,25.9908,27.0536,25.6043,26.957,1359796
AAV,20211105,26.0874,26.5705,25.7009,25.8942,796113
AAV,20211104,26.184,26.6671,25.5077,26.0874,998517
AAV,20211103,26.9542,27.1474,26.0847,26.184,2262731
AAV,20211102,26.8604,28.1164,26.0874,27.0536,1603518
AAV,20211101,28.213,28.213,26.8604,26.8604,1533906
AAV,20211029,28.5,28.983,27.9203,28.213,1015902
AAV,20211028,27.2468,28.8894,26.8604,28.4063,1405123
AAV,20211027,27.6333,27.7299,26.8604,27.0536,837872
AAV,20211026,27.5339,28.0169,27.0508,27.6333,672819
AAV,20211025,25.7009,27.5367,24.7347,27.0536,1272370
AAV,20211022,26.2806,26.2806,23.9618,25.6043,2796170
AAV,20211021,26.0874,26.6671,25.6043,26.0874,779445
AAV,20211020,27.0536,27.1502,25.6043,26.0874,2003665
AAV,20211019,27.7299,28.0198,27.0536,27.0536,1106675
AAV,20211018,28.983,28.983,27.1474,27.7299,2669516
AAV,20211015,28.1164,29.9522,27.7299,28.8894,1247463
AAV,20211014,27.0536,28.7928,26.5705,27.8266,1328260
AAV,20211013,29.4691,29.4691,26.6671,27.8266,2820914
AAV,20211012,29.9522,30.3387,29.4691,29.4691,1728654
AAV,20211011,30.0488,30.8218,29.9522,29.9522,957654
AAV,20211008,30.5319,30.6285,29.6623,29.8556,982330
AAV,20211007,30.2421,30.8218,29.8556,29.9522,873685
AAV,20211006,30.0488,30.6285,29.3725,30.2421,1323071
AAV,20211005,29.9522,30.9184,29.759,29.9522,1066753
AAV,20211004,31.2083,32.8508,28.986,29.9522,1779618
AAV,20211001,28.5966,31.3016,28.5966,31.015,2149634
AAV,20210930,27.3406,28.7898,27.3406,28.5995,1517290
AAV,20210929,27.0536,27.3435,26.8604,27.3435,1219687
AAV,20210928,26.2806,27.4401,25.6043,26.8604,1910174
AAV,20210927,25.6983,27.244,25.6983,26.2806,1725868
AAV,20210924,25.505,26.8576,25.505,25.7009,1358425
AAV,20210923,25.5077,25.7009,25.2178,25.5077,1414309
AAV,20210922,25.2178,26.2806,25.1212,25.5077,956837
AAV,20210921,25.7949,26.1813,24.6356,25.2178,1258035
AAV,20210920,26.0847,27.5339,25.6017,25.7009,1637894
AAV,20210917,24.8313,26.7637,24.7347,26.0874,2256749
AAV,20210916,24.0559,25.9881,24.0559,24.8313,1138657
AAV,20210915,22.0294,24.155,20.6767,24.155,934501
AAV,20210914,23.9618,23.9618,21.6429,22.0294,977467
AAV,20210913,25.5077,25.7009,23.7685,23.9618,420950
AAV,20210910,24.3457,26.5678,24.3457,25.2178,1483827
AAV,20210909,20.8699,25.5077,20.8699,24.155,1096917
AAV,20210908,24.155,24.155,23.1888,23.1888,627378
AAV,20210907,24.0559,24.9254,23.4762,24.2516,566561
AAV,20210906,23.9618,24.928,22.3192,24.0584,876010
AAV,20210901,21.9327,24.0584,21.0632,23.9618,994346
AAV,20210831,21.544,22.2203,20.5779,21.9327,952655
AAV,20210830,18.7443,20.5801,18.7443,20.5801,940715
AAV,20210827,17.295,18.8409,16.8119,18.7443,829070
AAV,20210826,17.1984,17.9713,17.1017,17.295,379800
AAV,20210825,17.1984,17.9713,16.7153,17.1984,330738
AAV,20210824,16.4254,17.3916,16.2322,17.1984,494200
AAV,20210823,15.8457,16.3288,15.5558,16.2322,430400
AAV,20210820,16.4254,16.522,14.9761,15.8457,602819
AAV,20210819,16.4237,17.0034,15.6508,16.522,511300
AAV,20210818,18.1627,18.1627,16.4237,16.522,1293284
AAV,20210817,15.4576,16.5203,15.4576,16.522,325315
AAV,20210816,13.7186,15.0712,13.7186,15.0727,964578
AAV,20210813,13.8152,13.9118,13.2356,13.72,344100
AAV,20210812,13.5254,13.9118,13.2356,13.72,413640
AAV,20210811,13.6234,14.0099,13.3336,13.5268,189515
AAV,20210810,13.4288,14.0085,13.2356,13.72,438803
AAV,20210809,12.7538,13.3336,12.5606,13.3336,465410
AAV,20210806,12.3661,12.9457,12.1729,12.7538,272907
AAV,20210805,12.3674,12.5606,12.0775,12.3674,168500
AAV,20210804,11.883,12.9457,11.883,12.1741,323400
AAV,20210803,11.8843,11.9809,11.691,11.8843,139200
AAV,20210802,11.9809,12.1741,11.7876,11.8843,199700
AAV,20210730,11.9809,11.9809,11.691,11.9809,166400
AAV,20210729,11.7876,11.9809,11.691,11.9809,156700
AAV,20210728,11.9809,12.0775,11.4978,11.9809,201700
AAV,20210727,12.0775,12.0775,11.5944,11.9809,188700
AAV,20210726,11.8843,12.0775,11.3045,11.9809,191900
AAV,20210723,11.8843,12.5606,11.4978,12.0775,207600
AAV,20210722,11.4012,12.2707,11.0147,12.0775,278800
AAV,20210721,11.0135,11.4966,10.9169,11.2079,235700
AAV,20210720,10.6282,11.1113,10.6282,11.0147,194264
AAV,20210719,11.5932,11.5932,10.4339,10.8214,360001
AAV,20210716,12.0775,12.0775,11.5944,11.5944,207416
AAV,20210715,12.3674,12.3674,11.5944,11.9809,203700
AAV,20210714,12.3674,12.464,11.7876,12.0775,140265
AAV,20210713,12.3674,13.0437,11.8843,12.3674,124000
AAV,20210712,13.2356,13.3322,11.9796,12.1741,323130
AAV,20210709,13.2356,14.0085,12.8491,13.2369,310861
AAV,20210708,13.9118,13.9118,12.7525,13.2369,289500
AAV,20210707,13.2752,13.2752,12.519,12.7712,320900
AAV,20210706,13.4432,13.6953,13.1071,13.2753,458010
AAV,20210705,13.1911,13.8633,12.9391,13.3593,325816
AAV,20210702,13.1911,13.1911,13.0231,13.1913,244340
AAV,20210701,13.2752,13.3592,13.0231,13.1913,175245
AAV,20210630,13.2752,13.2752,13.1071,13.2753,184300
AAV,20210629,13.2752,13.3592,13.1071,13.2753,203700
AAV,20210628,13.4432,13.7793,13.1911,13.2753,303200
AAV,20210625,13.3592,13.5272,13.1911,13.4433,345430
AAV,20210624,13.2752,13.4432,13.1071,13.3593,570100
AAV,20210623,13.4432,13.6112,13.1071,13.2753,375500
AAV,20210622,13.8633,14.1154,13.4432,13.4433,405279
AAV,20210621,13.0231,13.8633,13.0231,13.6954,483307
AAV,20210618,12.771,12.9391,12.687,12.9392,352600
AAV,20210617,12.9391,13.0231,12.435,12.7712,326050
AAV,20210616,12.9391,13.1911,12.519,12.6871,398400
AAV,20210615,12.9391,13.0231,12.603,12.9392,516936
AAV,20210614,12.8551,13.1911,12.771,12.9392,339323
AAV,20210611,12.8551,13.0231,12.771,12.9392,553172
AAV,20210610,13.2752,13.4432,12.519,12.8552,559150
AAV,20210609,13.0231,13.6953,12.603,13.2753,637760
AAV,20210608,15.1236,15.2916,13.6112,13.6114,1032091
AAV,20210607,14.4514,15.9638,14.2834,15.1237,635712
AAV,20210604,15.1236,15.5437,14.3674,14.7036,636801
AAV,20210603,14.9556,15.7958,14.7035,15.1237,941922
AAV,20210602,13.1071,14.3674,13.1071,14.3675,1160222
AAV,20210601,13.1911,13.1911,12.8551,13.1072,346315
AAV,20210531,13.0231,13.5272,13.0231,13.1913,327600
AAV,20210528,13.5272,13.5272,13.1911,13.4433,276096
AAV,20210527,13.6112,13.8633,13.2752,13.5273,519201
AAV,20210526,13.1911,13.6953,13.1911,13.6114,696916
AAV,20210525,12.603,13.7793,12.435,13.1913,476030
AAV,20210524,12.519,12.771,12.3509,12.6031,298500
AAV,20210521,12.1829,12.771,12.1829,12.4351,304965
AAV,20210520,12.603,12.771,12.3509,12.4351,362305
AAV,20210519,13.0231,13.1071,12.603,12.7712,333942
AAV,20210518,12.8551,13.2752,12.771,13.0232,326106
AAV,20210517,13.2752,13.4432,12.8551,13.0232,354406
AAV,20210514,12.3509,13.1911,12.2669,13.1072,693677
AAV,20210513,12.2669,12.603,12.1829,12.3511,236215
AAV,20210512,12.1829,12.603,12.0149,12.267,276975
AAV,20210511,12.1829,12.2669,12.0149,12.183,323824
AAV,20210510,12.3509,12.3509,12.0149,12.183,219503
AAV,20210507,12.435,12.519,12.1829,12.3511,270407
AAV,20210506,12.603,13.0231,12.435,12.5191,299810
AAV,20210505,12.435,12.771,12.1829,12.6031,515800
AAV,20210504,12.1829,12.435,11.8468,12.4351,317435
AAV,20210429,12.771,12.771,12.3509,12.6031,317010
AAV,20210428,12.3509,12.771,12.0149,12.6031,323000
AAV,20210427,12.519,12.519,11.9308,12.3511,202000
AAV,20210426,12.519,12.603,12.1829,12.4351,285600
AAV,20210423,12.519,12.603,12.0989,12.5191,228616
AAV,20210422,12.603,12.603,12.0989,12.4351,432150
AAV,20210420,12.435,12.687,12.2669,12.6031,418750
AAV,20210419,12.603,12.603,12.2669,12.4351,276076
AAV,20210416,12.8551,13.2752,12.2669,12.7712,445874
AAV,20210415,13.0231,13.1071,12.435,12.8552,789300
AAV,20210414,13.2752,13.2752,12.8551,13.0232,384000
AAV,20210413,13.6112,13.6112,13.1071,13.2753,595954
AAV,20210412,13.8633,13.9473,13.5272,13.6114,304901
AAV,20210409,13.7793,14.1994,13.5272,13.8634,326350
AAV,20210408,13.8633,14.1154,13.7793,13.7794,214400
AAV,20210407,13.8633,14.1154,13.8633,13.9474,300208
AAV,20210406,14.0313,14.1154,13.7793,14.1155,343100
AAV,20210405,14.1994,14.3674,13.8633,14.1995,361810
AAV,20210402,13.6953,14.7875,13.6953,14.1995,313200
AAV,20210401,13.2752,13.8633,13.2752,13.6954,348495
AAV,20210331,13.6112,13.6112,13.2752,13.2753,323050
AAV,20210330,13.4432,13.6112,13.1911,13.6114,243700
AAV,20210329,13.5272,13.6112,13.2752,13.4433,300260
AAV,20210326,13.5272,13.5272,12.519,13.5273,597327
AAV,20210325,13.6112,13.6953,13.2752,13.5273,445701
AAV,20210324,13.7793,13.7793,13.3592,13.6114,574370
AAV,20210323,13.6953,14.0313,13.4432,13.7794,511455
AAV,20210322,14.2834,14.2834,13.0231,13.5273,650323
AAV,20210319,13.2752,13.2752,12.9391,13.1072,340475
AAV,20210318,13.4432,13.4432,13.1071,13.2753,379470
AAV,20210317,12.9391,13.4432,12.771,13.3593,646901
AAV,20210316,12.8551,13.1911,12.519,12.9392,725197
AAV,20210315,12.687,12.9391,12.519,12.8552,398350
AAV,20210312,13.0231,13.3592,12.603,12.6871,359221
AAV,20210311,12.3509,13.4432,12.1829,13.0232,614075
AAV,20210310,12.435,12.519,12.0149,12.267,397737
AAV,20210309,12.435,12.435,12.0989,12.267,454674
AAV,20210308,12.603,12.9391,12.0149,12.4351,437830
AAV,20210305,12.3509,12.3509,11.6788,12.183,396713
AAV,20210304,12.687,13.2752,11.8468,12.3511,539406
AAV,20210303,11.5107,12.603,11.5107,12.6031,1130271
AAV,20210302,11.3427,11.5107,11.2587,11.5108,592020
AAV,20210301,10.9226,11.2587,10.9226,11.2588,324430
AAV,20210226,10.8386,10.9226,10.5865,10.9227,385051
AAV,20210225,11.0906,11.0906,10.8386,11.0907,299100
AAV,20210224,11.3427,11.3427,10.8386,11.0067,486900
AAV,20210223,11.0066,11.3427,10.9226,11.2588,336805
AAV,20210222,11.5107,11.6788,11.0066,11.4268,428209
AAV,20210219,10.9226,11.5107,10.6705,11.5108,981771
AAV,20210218,10.7546,10.9226,10.5865,10.8387,286100
AAV,20210217,10.5865,10.9226,10.1664,10.7547,460230
AAV,20210209,10.5025,11.0066,10.0824,10.5866,315300
AAV,20210208,10.5865,11.2587,9.9984,10.5026,337801
AAV,20210205,9.6623,10.3345,9.4943,10.3346,509610
AAV,20210204,9.4943,9.9144,9.4102,9.6624,536055
AAV,20210203,9.2422,9.6623,8.9901,9.4943,464200
AAV,20210202,9.4102,9.4102,8.6541,9.3263,323300
AAV,20210201,9.9144,9.9144,8.9901,9.2423,370900
AAV,20210129,9.0742,9.9984,8.9901,9.8304,751231
AAV,20210128,10.6705,10.6705,9.9144,9.9144,417600
AAV,20210127,11.5107,11.6788,10.6705,11.0067,611821
AAV,20210126,11.5948,11.9308,11.2587,11.5108,686935
AAV,20210125,11.5107,11.6788,11.1747,11.5949,368300
AAV,20210122,11.7628,12.1829,11.0906,11.4268,831702
AAV,20210121,10.9226,12.0149,10.7546,11.7629,1253007
AAV,20210120,10.7546,10.9226,9.9984,10.9227,402211
AAV,20210119,11.1747,11.3427,10.0824,10.8387,827500
AAV,20210118,10.8386,11.6788,10.5025,11.1748,674934
AAV,20210115,11.3427,11.5107,10.5865,10.9227,554110
AAV,20210114,11.0906,11.1747,10.5025,10.9227,536275
AAV,20210113,11.4267,11.4267,10.8386,11.1748,548191
AAV,20210112,11.0066,11.5107,10.9226,11.4268,468535
AAV,20210111,11.2587,11.6788,10.9226,11.3428,403475
AAV,20210108,11.0066,11.5107,10.3345,11.1748,864475
AAV,20210107,12.0149,12.0149,11.0066,11.0067,1578171
AAV,20210106,12.519,12.603,11.8468,12.183,520455
AAV,20210105,12.9391,12.9391,12.3509,12.5191,504400
AAV,20210104,12.9391,13.6112,12.435,12.7712,433595
AAV,20201231,12.3509,12.9391,12.1829,12.6031,417789
AAV,20201230,12.435,12.8551,12.1829,12.3511,347860
AAV,20201229,12.435,12.519,11.7628,12.4351,618917
AAV,20201228,11.8468,12.687,11.2587,12.4351,569084
AAV,20201225,11.6788,11.8468,10.8386,11.5949,494050
AAV,20201224,12.1829,12.603,11.3427,11.5949,868070
AAV,20201223,13.0231,13.1911,12.0149,12.5191,997815
AAV,20201222,11.0066,12.0989,10.5865,12.099,795177
AAV,20201221,11.3427,11.5948,10.6705,11.0067,777070
AAV,20201218,9.8303,10.7546,9.7463,10.6706,584168
AAV,20201217,10.0824,10.5025,9.4943,9.8304,607116
AAV,20201216,9.2422,10.1664,9.2422,9.9144,879566
AAV,20201215,8.486,9.3262,8.486,9.2423,502095
AAV,20201214,8.0659,8.8221,8.0659,8.4861,795005
AAV,20201211,8.0659,8.1499,7.8979,8.066,417050
AAV,20201210,8.318,8.402,7.8979,8.15,811306
AAV,20201209,8.234,8.234,7.8979,8.234,506928
AAV,20201208,8.318,8.486,7.8979,8.15,1074171
AAV,20201207,7.8139,8.57,7.8139,8.3181,891684
AAV,20201204,7.6458,7.8139,7.4778,7.8139,589220
AAV,20201203,6.9737,7.6458,6.9737,7.5619,580960
AAV,20201202,6.6376,6.9737,6.4695,6.9737,517225
AAV,20201201,6.3855,6.7216,5.8814,6.6376,345490
AAV,20201130,6.3855,6.4695,6.1335,6.3856,311570
AAV,20201127,6.7216,6.7216,6.3855,6.4696,216365
AAV,20201126,7.1417,7.1417,6.7216,6.8057,282473
AAV,20201125,6.1335,6.7216,6.1335,6.7217,453815
AAV,20201124,5.8814,6.1335,5.7974,6.1335,475012
AAV,20201123,5.8814,5.9654,5.7974,5.8815,240500
AAV,20201120,5.8814,5.9654,5.7134,5.8815,193620
AAV,20201119,5.8814,5.8814,5.7134,5.8815,209180
AAV,20201118,5.8814,5.8814,5.7134,5.8815,172300
AAV,20201117,5.8814,5.9654,5.7974,5.8815,149238
AAV,20201116,5.9654,6.0494,5.7974,5.8815,168400
AAV,20201113,5.8814,5.9654,5.7974,5.9655,270900
AAV,20201112,5.8814,5.9654,5.7974,5.8815,122922
AAV,20201111,5.9654,6.0494,5.7974,5.9655,140400
AAV,20201110,5.9654,6.0494,5.7974,5.9655,214512
AAV,20201109,6.2175,6.3015,5.8814,6.0495,251900
AAV,20201106,5.9654,6.2175,5.8814,6.1335,269000
AAV,20201105,6.1335,6.6376,5.8814,5.9655,467760
AAV,20201104,5.7974,6.0494,5.7134,6.0495,280610
AAV,20201103,5.7974,5.8814,5.7134,5.8815,196200
AAV,20201102,5.8814,5.8814,5.7134,5.8815,128700
AAV,20201030,5.8814,5.9654,5.7134,5.8815,197800
AAV,20201029,5.9654,6.0494,5.7974,5.9655,140820
AAV,20201028,6.3015,6.3015,5.7974,6.0495,161812
AAV,20201027,6.2175,6.3855,6.1335,6.3016,221100
AAV,20201026,6.3855,6.4695,6.2175,6.3856,239700
AAV,20201023,6.7216,6.7216,6.3855,6.4696,236816
AAV,20201022,6.7216,6.8056,6.5536,6.7217,185212
AAV,20201021,6.8056,7.0577,6.6376,6.7217,256300
AAV,20201020,6.5536,6.8056,6.3855,6.8057,303912
AAV,20201019,6.8056,6.8056,6.3855,6.4696,217522
AAV,20201016,7.0577,7.0577,6.4695,6.8057,411400
AAV,20201015,7.3097,7.3097,6.9737,7.1418,254040
AAV,20201014,7.3097,7.3938,7.1417,7.3098,212156
AAV,20201013,7.1417,7.3938,7.1417,7.3098,256600
AAV,20201012,7.2257,7.3938,7.1417,7.2258,215500
AAV,20201009,7.3938,7.4778,7.1417,7.1418,365089
AAV,20201008,7.3938,7.4778,7.2257,7.3098,243901
AAV,20201007,7.2257,7.4778,7.2257,7.4778,184800
AAV,20201006,7.5618,7.6458,7.3097,7.3938,300620
AAV,20201005,7.5618,7.5618,7.2257,7.5619,211300
AAV,20201002,7.6458,7.8139,7.2257,7.4778,305940
AAV,20201001,7.5618,7.7298,7.4778,7.6459,206900
AAV,20200930,7.3938,7.6458,7.3938,7.6459,217500
AAV,20200929,7.9819,7.9819,7.3938,7.3938,321350
AAV,20200928,7.9819,7.9819,7.5618,7.898,240745
AAV,20200925,7.8979,7.9819,7.5618,7.898,230950
AAV,20200924,8.234,8.57,7.8139,8.066,295250
AAV,20200923,7.9819,8.486,7.7298,8.234,299910
AAV,20200922,7.1417,7.8979,7.0577,7.898,373520
AAV,20200921,7.7298,7.7298,7.2257,7.2258,682350
AAV,20200918,8.1499,8.318,7.8139,7.982,360995
AAV,20200917,7.8139,8.402,7.7298,8.234,440110
AAV,20200916,8.402,8.57,7.8139,8.15,586155
AAV,20200915,8.0659,8.7381,7.5618,8.4021,828935
AAV,20200914,8.0659,8.0659,8.0659,8.066,636060
AAV,20200911,6.7216,7.3938,6.6376,7.3938,493770
AAV,20200910,6.8896,7.1417,6.1335,6.7217,832964
AAV,20200909,6.6376,6.8056,6.2175,6.8057,636806
AAV,20200908,5.7974,6.2175,5.7974,6.2175,568330
AAV,20200907,5.2933,5.7134,5.2092,5.7134,829825
AAV,20200904,5.2092,5.2933,5.1252,5.2093,363761
AAV,20200903,5.3773,5.3773,5.2092,5.2933,391500
AAV,20200901,5.2933,5.3773,5.2092,5.3773,296652
AAV,20200831,5.3773,5.6293,5.1252,5.4613,554520
AAV,20200828,4.8732,5.2092,4.8732,5.2093,740602
AAV,20200827,4.8732,4.9572,4.7891,4.7892,321920
AAV,20200826,4.9572,5.0412,4.7891,4.8732,361052
AAV,20200825,4.9572,5.0412,4.8732,4.9572,309706
AAV,20200824,4.9572,5.0412,4.7891,5.0412,477200
AAV,20200821,5.0412,5.1252,4.8732,4.9572,293600
AAV,20200820,5.0412,5.2092,4.8732,5.0412,303555
AAV,20200819,4.9572,5.1252,4.8732,5.0412,284532
AAV,20200818,4.9572,5.1252,4.8732,5.1253,201310
AAV,20200817,4.8732,5.2092,4.8732,5.0412,496357
AAV,20200814,4.7891,4.8732,4.7051,4.8732,453600
AAV,20200813,4.7051,4.7891,4.5371,4.7892,418745
AAV,20200812,4.8732,4.8732,4.5371,4.7052,379639
AAV,20200811,4.285,4.7051,4.285,4.7052,791410
AAV,20200810,4.5371,4.6211,4.201,4.2851,618800
AAV,20200807,4.285,4.5371,4.117,4.5371,404240
AAV,20200806,4.201,4.285,4.033,4.2851,359020
AAV,20200805,4.117,4.369,3.9489,4.2851,426700
AAV,20200804,4.033,4.201,3.9489,4.117,246110
AAV,20200803,3.6129,4.117,3.6129,4.033,379410
AAV,20200731,3.6129,4.033,3.5288,3.7809,284100
AAV,20200730,3.6129,3.6969,3.4448,3.6969,212000
AAV,20200729,3.7809,3.7809,3.5288,3.6129,301630
AAV,20200728,3.8649,3.9489,3.6969,3.865,384900
AAV,20200727,4.033,4.033,3.7809,3.865,153311
AAV,20200724,4.4531,4.4531,4.033,4.117,241989
AAV,20200723,4.4531,4.5371,4.285,4.4531,197330
AAV,20200722,4.5371,4.6211,4.4531,4.4531,182415
AAV,20200721,4.5371,4.6211,4.4531,4.5371,139600
AAV,20200720,4.5371,4.6211,4.5371,4.5371,194800
AAV,20200717,4.6211,4.7051,4.5371,4.6211,155601
AAV,20200716,4.7051,4.7051,4.6211,4.6211,186077
AAV,20200715,4.7891,4.7891,4.6211,4.7052,250000
AAV,20200714,4.7891,4.7891,4.7051,4.7892,331200
AAV,20200713,4.7051,4.7891,4.7051,4.7892,178850
AAV,20200710,4.7891,4.7891,4.6211,4.7052,232250
AAV,20200709,4.7051,4.8732,4.6211,4.7892,535700
AAV,20200708,4.7051,4.7891,4.6211,4.7052,216000
AAV,20200707,4.7891,4.8732,4.7051,4.7892,211400
AAV,20200706,4.8732,4.8732,4.7051,4.8732,335600
AAV,20200703,4.7891,4.8732,4.7051,4.7892,337650
AAV,20200702,4.6211,4.7891,4.6211,4.7892,270610
AAV,20200701,4.6211,4.7891,4.5371,4.6211,437200
AAV,20200630,4.7051,4.7891,4.4531,4.6211,347500
AAV,20200629,5.0412,5.0412,4.5371,4.7052,290520
AAV,20200626,5.0412,5.2092,4.7891,5.0412,350000
AAV,20200625,4.8732,5.1252,4.7891,5.1253,330450
AAV,20200624,5.0412,5.2092,4.8732,5.0412,403100
AAV,20200623,5.1252,5.1252,4.9572,5.1253,370300
AAV,20200622,5.0412,5.2092,4.9572,5.1253,284425
AAV,20200619,4.7891,5.1252,4.6211,5.1253,748280
AAV,20200618,4.7051,4.7891,4.6211,4.7052,306300
AAV,20200617,4.7891,4.8732,4.5371,4.7892,334205
AAV,20200616,4.7051,4.7891,4.5371,4.7052,386600
AAV,20200615,4.7891,4.8732,4.5371,4.7052,315230
AAV,20200612,4.6211,4.8732,4.5371,4.7892,390281
AAV,20200611,5.5453,5.6293,4.9572,4.9572,567910
AAV,20200610,4.8732,5.3773,4.8732,5.3773,622360
AAV,20200609,5.1252,5.2092,4.8732,4.9572,497639
AAV,20200608,4.9572,5.2092,4.7891,5.1253,698751
AAV,20200605,4.8732,4.9572,4.7051,4.9572,466817
AAV,20200604,4.5371,4.8732,4.5371,4.8732,450001
AAV,20200603,4.5371,4.6211,4.4531,4.6211,327070
AAV,20200602,4.7051,4.9572,4.5371,4.5371,435635
AAV,20200601,4.7891,4.8732,4.5371,4.8732,373230
AAV,20200529,4.6211,4.7891,4.5371,4.7052,685072
AAV,20200528,4.201,4.4531,4.117,4.4531,609478
AAV,20200527,4.201,4.285,4.117,4.117,143430
AAV,20200526,4.285,4.369,4.201,4.201,260451
AAV,20200525,4.201,4.285,4.201,4.2851,308413
AAV,20200522,4.285,4.285,4.117,4.201,293355
AAV,20200521,4.201,4.369,4.117,4.2851,353037
AAV,20200520,4.033,4.201,4.033,4.201,363125
AAV,20200519,4.201,4.285,4.033,4.033,380910
AAV,20200518,4.369,4.5371,4.117,4.2851,248900
AAV,20200515,4.4531,4.4531,4.033,4.3691,499021
AAV,20200514,3.7809,4.117,3.7809,4.117,534700
AAV,20200513,3.8649,3.9489,3.7809,3.7809,111405
AAV,20200512,3.9489,3.9489,3.8649,3.949,164215
AAV,20200511,3.8649,3.9489,3.7809,3.865,122231
AAV,20200508,3.9489,3.9489,3.8649,3.949,82630
AAV,20200507,4.033,4.033,3.9489,4.033,158600
AAV,20200506,3.9489,4.033,3.8649,4.033,139535
AAV,20200505,3.8649,4.033,3.7809,3.949,242400
AAV,20200504,3.9489,4.117,3.8649,3.949,214800
AAV,20200429,4.033,4.117,3.9489,4.033,214000
AAV,20200428,4.117,4.117,3.9489,4.033,157400
AAV,20200427,4.117,4.201,4.033,4.117,170804
AAV,20200424,4.117,4.201,4.033,4.201,152230
AAV,20200423,4.033,4.201,3.9489,4.201,196630
AAV,20200422,3.9489,4.201,3.8649,4.117,191600
AAV,20200421,4.4531,4.4531,4.117,4.201,315505
AAV,20200420,4.369,4.6211,4.285,4.5371,221004
AAV,20200417,4.285,4.4531,4.201,4.4531,158470
AAV,20200416,4.285,4.369,4.117,4.2851,182400
AAV,20200415,4.033,4.369,4.033,4.3691,298615
AAV,20200414,4.033,4.117,3.9489,4.033,72010
AAV,20200413,4.033,4.117,3.9489,4.117,72800
AAV,20200410,4.201,4.201,3.9489,4.117,74900
AAV,20200409,3.9489,4.201,3.9489,4.201,75900
AAV,20200408,4.033,4.201,3.9489,4.117,104000
AAV,20200407,4.285,4.369,4.117,4.117,81231
AAV,20200406,4.117,4.369,4.033,4.2851,103310
AAV,20200403,3.8649,4.201,3.8649,4.201,48400
AAV,20200401,4.033,4.033,3.7809,4.033,86526
AAV,20200331,3.9489,4.117,3.7809,4.033,56440
AAV,20200330,4.117,4.201,3.9489,4.117,113600
AAV,20200327,4.201,4.369,4.033,4.201,162300
AAV,20200326,3.9489,4.369,3.8649,4.201,187900
AAV,20200325,3.6969,4.033,3.6969,4.033,132100
AAV,20200324,3.6969,3.6969,3.5288,3.6969,110700
AAV,20200323,4.033,4.033,3.6969,3.6969,19405
AAV,20200320,3.9489,4.033,3.9489,4.033,3200
AAV,20200319,3.9489,3.9489,3.8649,3.949,2610
AAV,20200318,4.117,4.117,4.033,4.117,58700
AAV,20200317,3.9489,4.117,3.9489,4.117,40500
AAV,20200316,3.9489,4.117,3.8649,3.949,84124
AAV,20200313,4.033,4.201,3.9489,3.949,106900
AAV,20200312,4.7891,4.7891,4.369,4.3691,119400
AAV,20200311,5.1252,5.2092,4.6211,4.7892,196650
AAV,20200310,5.2092,5.2092,4.9572,5.1253,181200
AAV,20200309,5.6293,5.6293,5.2092,5.2093,59400
AAV,20200306,5.7134,5.7974,5.6293,5.7134,57400
AAV,20200305,5.7134,5.7974,5.6293,5.7134,49550
AAV,20200304,5.6293,5.7134,5.6293,5.7134,57615
AAV,20200303,5.6293,5.8814,5.6293,5.6294,186046
AAV,20200302,5.7134,5.7134,5.6293,5.6294,112710
AAV,20200228,5.6293,5.7134,5.5453,5.7134,50200
AAV,20200227,5.7134,5.7134,5.6293,5.7134,57600
AAV,20200226,5.7134,5.7134,5.6293,5.7134,62600
AAV,20200225,5.7134,5.7974,5.6293,5.7134,72556
AAV,20200224,5.7134,5.7974,5.6293,5.7974,49000
AAV,20200221,5.8814,5.9654,5.7974,5.8815,61300
AAV,20200220,5.8814,6.0494,5.7134,5.8815,130416
AAV,20200219,5.7974,5.9654,5.7974,5.8815,133200
AAV,20200218,5.8814,5.8814,5.7134,5.8815,48420
AAV,20200217,5.8814,5.8814,5.7134,5.8815,45700
AAV,20200214,5.8814,5.8814,5.6293,5.8815,57500
AAV,20200213,5.8814,5.8814,5.7134,5.8815,84120
AAV,20200212,5.8814,5.9654,5.7974,5.8815,61430
AAV,20200211,6.0494,6.0494,5.9654,5.9655,39800
AAV,20200210,5.9654,6.1335,5.7974,6.0495,67840
AAV,20200207,6.0494,6.2175,6.0494,6.0495,70200
AAV,20200206,6.3015,6.3855,6.0494,6.2175,95100
AAV,20200205,6.4695,6.4695,6.2175,6.2175,88500
AAV,20200204,6.3855,6.5536,6.3015,6.5536,80130
AAV,20200203,6.6376,6.6376,6.1335,6.3856,80405
AAV,20200131,6.8896,6.9737,6.6376,6.7217,75535
AAV,20200130,6.9737,7.0577,6.8056,6.8897,76900
AAV,20200122,7.0577,7.1417,6.9737,7.0577,93235
AAV,20200121,7.0577,7.1417,6.9737,7.0577,69900
AAV,20200120,7.1417,7.1417,6.8056,7.0577,83100
AAV,20200117,7.3938,7.4778,6.8896,7.1418,126800
AAV,20200116,7.3097,7.5618,7.3097,7.3938,122735
AAV,20200115,7.3938,7.4778,7.2257,7.3098,103500
AAV,20200114,7.3938,7.4778,7.3097,7.3938,102411
AAV,20200113,7.5618,7.5618,7.3938,7.3938,103800
AAV,20200110,7.1417,7.5618,7.1417,7.5619,296900
AAV,20200109,7.0577,7.3097,6.9737,7.1418,193000
AAV,20200108,7.1417,7.3097,6.9737,7.0577,128300
AAV,20200107,7.0577,7.3097,7.0577,7.1418,126700
AAV,20200106,7.0577,7.1417,6.9737,7.0577,122400
AAV,20200103,7.2257,7.3097,7.0577,7.0577,131222
AAV,20200102,7.3938,7.4778,7.2257,7.2258,170305
AAV,20191231,7.2257,7.3938,7.0577,7.3938,171910
AAV,20191230,6.9737,7.3097,6.9737,7.3098,159000
AAV,20191227,6.9737,7.0577,6.8056,7.0577,123500
AAV,20191226,6.9737,7.0577,6.8056,6.9737,122993
AAV,20191225,6.6376,6.9737,6.5536,6.9737,196206
AAV,20191224,6.4695,6.7216,6.3855,6.6376,140610
AAV,20191223,6.4695,6.4695,6.3015,6.4696,68000
AAV,20191220,6.3855,6.6376,6.3015,6.4696,100500
AAV,20191219,6.6376,6.6376,6.4695,6.5536,50421
AAV,20191218,6.7216,6.7216,6.4695,6.6376,52308
AAV,20191217,6.9737,6.9737,6.6376,6.7217,63120
AAV,20191216,6.9737,6.9737,6.8056,6.9737,33700
AAV,20191213,6.9737,7.0577,6.8896,6.9737,31900
AAV,20191212,6.9737,7.0577,6.8896,6.9737,130200
AAV,20191211,6.9737,7.0577,6.9737,6.9737,113375
AAV,20191210,7.0577,7.1417,6.8056,6.9737,56707
AAV,20191209,7.0577,7.1417,6.9737,7.0577,51500
AAV,20191206,7.1417,7.2257,6.8896,7.0577,59340
AAV,20191205,7.1417,7.1417,7.0577,7.1418,69100
AAV,20191204,7.1417,7.1417,6.9737,7.1418,105200
AAV,20191203,6.9737,7.2257,6.9737,7.2258,55100
AAV,20191202,7.1417,7.1417,6.9737,6.9737,50654
AAV,20191129,7.3097,7.3097,7.0577,7.1418,43100
AAV,20191128,7.3938,7.3938,7.3097,7.3098,44800
AAV,20191127,7.3938,7.3938,7.2257,7.3938,37300
AAV,20191126,7.3097,7.3938,7.3097,7.3938,56415
AAV,20191125,7.3938,7.3938,7.3097,7.3098,55639
AAV,20191122,7.4778,7.4778,7.3097,7.3098,64400
AAV,20191121,7.4778,7.4778,7.3938,7.4778,44700
AAV,20191120,7.4778,7.4778,7.4778,7.4778,51700
AAV,20191119,7.3938,7.4778,7.3097,7.4778,83700
AAV,20191118,7.3938,7.4778,7.3097,7.3938,50940
AAV,20191115,7.3938,7.3938,7.3097,7.3938,63500
AAV,20191114,7.3938,7.4778,7.3097,7.3938,78056
AAV,20191113,7.3938,7.4778,7.3097,7.3938,64740
AAV,20191112,7.4778,7.5618,7.3097,7.3938,76300
AAV,20191111,7.6458,7.6458,7.4778,7.4778,54800
AAV,20191108,7.6458,7.6458,7.6458,7.6459,51800
AAV,20191107,7.6458,7.7298,7.5618,7.6459,93600
AAV,20191106,7.5618,7.6458,7.5618,7.6459,101529
AAV,20191105,7.5618,7.5618,7.4778,7.5619,50300
AAV,20191104,7.6458,7.6458,7.5618,7.5619,57806
AAV,20191101,7.5618,7.6458,7.4778,7.6459,129632
AAV,20191031,7.5618,7.5618,7.3938,7.4778,57500
AAV,20191030,7.5618,7.5618,7.4778,7.4778,88400
AAV,20191029,7.5618,7.6458,7.4778,7.5619,73704
AAV,20191028,7.5618,7.6458,7.5618,7.5619,53661
AAV,20191025,7.5618,7.5618,7.4778,7.5619,62230
AAV,20191024,7.6458,7.6458,7.4778,7.5619,91500
AAV,20191023,7.6458,7.7298,7.5618,7.6459,85565
AAV,20191022,7.6458,7.7298,7.5618,7.7299,62811
AAV,20191021,7.6458,7.6458,7.5618,7.6459,51932
AAV,20191018,7.7298,7.8139,7.6458,7.6459,73300
AAV,20191017,7.8139,7.8139,7.6458,7.7299,71519
AAV,20191016,7.8139,7.8979,7.7298,7.8139,267700
AAV,20191015,7.7298,7.8139,7.5618,7.8139,70200
AAV,20191014,7.7298,7.8979,7.4778,7.8139,141900
AAV,20191011,7.6458,7.7298,7.5618,7.5619,66190
AAV,20191010,7.6458,7.6458,7.4778,7.5619,85500
AAV,20191009,7.7298,7.8139,7.5618,7.6459,104800
AAV,20191008,7.6458,7.7298,7.5618,7.7299,111200
AAV,20191007,7.6458,7.8139,7.5618,7.6459,70308
AAV,20191004,7.4778,7.7298,7.3938,7.6459,150050
AAV,20191003,7.4778,7.5618,7.3938,7.4778,103925
AAV,20191002,7.4778,7.6458,7.3938,7.3938,74400
AAV,20191001,7.5618,7.6458,7.3097,7.5619,155862
AAV,20190930,7.6458,7.7298,7.5618,7.5619,117660
AAV,20190927,7.6458,7.7298,7.5618,7.6459,185000
AAV,20190926,7.6458,7.7298,7.5618,7.6459,143057
AAV,20190925,7.7298,7.8139,7.5618,7.6459,138520
AAV,20190924,7.7298,7.8139,7.5618,7.7299,97013
AAV,20190923,7.6458,7.8139,7.6458,7.7299,135930
AAV,20190920,7.7298,7.8979,7.5618,7.6459,151456
AAV,20190919,8.402,8.486,7.6458,7.6459,344708
AAV,20190918,8.6541,8.7381,8.318,8.3181,149800
AAV,20190917,8.57,8.7381,8.402,8.6541,235400
AAV,20190916,8.486,8.6541,8.486,8.5701,157700
AAV,20190913,8.402,8.7381,8.318,8.4861,339310
AAV,20190912,8.486,8.57,8.318,8.4021,222397
AAV,20190911,8.402,8.486,8.234,8.4861,142450
AAV,20190910,8.8221,8.9061,8.402,8.4021,190576
AAV,20190909,8.9061,9.0742,8.7381,8.7382,144814
AAV,20190906,8.9901,9.0742,8.7381,8.9062,194999
AAV,20190905,8.9061,8.9901,8.7381,8.9902,224200
AAV,20190904,8.9061,9.0742,8.7381,8.9062,199499
AAV,20190903,9.1582,9.2422,9.0742,9.0742,174677
AAV,20190830,9.1582,9.2422,9.0742,9.2423,335536
AAV,20190829,9.0742,9.2422,8.9901,9.1583,348300
AAV,20190828,8.7381,9.2422,8.486,9.0742,263648
AAV,20190827,8.7381,8.9061,8.6541,8.7382,180980
AAV,20190826,8.9901,9.1582,8.6541,8.6541,172169
AAV,20190823,8.8221,8.9901,8.6541,8.9902,262810
AAV,20190822,9.1582,9.2422,8.8221,8.9062,259003
AAV,20190821,8.9901,9.4102,8.9901,9.1583,379108
AAV,20190820,9.0742,9.1582,8.9061,9.0742,330960
AAV,20190819,9.2422,9.2422,8.9901,8.9902,163215
AAV,20190816,8.9061,9.3262,8.8221,9.1583,294267
AAV,20190815,8.7381,8.9901,8.402,8.9062,303700
AAV,20190814,9.1582,9.2422,8.8221,8.8222,275828
AAV,20190813,9.4102,9.4102,8.9061,9.1583,269480
AAV,20190812,9.2422,9.4102,9.1582,9.4103,337649
AAV,20190809,9.1582,9.4943,9.1582,9.2423,367724
AAV,20190808,9.3262,9.4102,9.0742,9.2423,284747
AAV,20190807,9.4943,9.5783,9.1582,9.3263,276785
AAV,20190806,9.1582,9.7463,8.9061,9.4943,515148
AAV,20190805,8.7381,9.1582,8.7381,9.1583,340053
AAV,20190802,8.57,8.9901,8.57,8.7382,337242
AAV,20190801,8.57,8.6541,8.402,8.5701,117655
AAV,20190731,8.7381,8.9061,8.57,8.5701,211985
AAV,20190730,8.0659,8.8221,8.0659,8.7382,375003
AAV,20190729,8.0659,8.1499,7.9819,8.066,86300
AAV,20190726,7.9819,8.1499,7.9819,8.066,163770
AAV,20190725,7.9819,8.1499,7.8139,7.982,144590
AAV,20190724,7.9819,8.1499,7.9819,8.066,112500
AAV,20190723,8.234,8.234,7.9819,7.982,72404
AAV,20190722,7.9819,8.234,7.9819,8.234,246525
AAV,20190719,8.1499,8.1499,7.9819,8.066,105355
AAV,20190718,8.1499,8.1499,8.0659,8.15,174100
AAV,20190717,7.8979,8.1499,7.8979,8.066,216710
AAV,20190716,7.7298,7.8979,7.7298,7.898,156835
AAV,20190715,7.7298,7.8139,7.7298,7.7299,154469
AAV,20190712,7.6458,7.7298,7.6458,7.7299,86810
AAV,20190711,7.8139,7.8139,7.6458,7.7299,69405
AAV,20190710,7.7298,7.8139,7.7298,7.8139,74481
AAV,20190709,7.7298,7.7298,7.6458,7.7299,53300
AAV,20190708,7.6458,7.7298,7.6458,7.7299,12187
AAV,20190705,7.7298,7.7298,7.5618,7.6459,17886
AAV,20190704,7.6458,7.7298,7.6458,7.6459,36224
AAV,20190703,7.4778,7.7298,7.4778,7.6459,117010
AAV,20190702,7.5618,7.6458,7.4778,7.5619,52826
AAV,20190701,7.5618,7.5618,7.3938,7.5619,85411
AAV,20190628,7.7298,7.9819,7.4778,7.5619,93057
AAV,20190627,7.561,7.561,7.4854,7.5619,127718
AAV,20190626,7.561,7.6366,7.561,7.6375,136200
AAV,20190625,7.6366,7.6366,7.4854,7.5619,126400
AAV,20190624,7.561,7.6366,7.4854,7.6375,137800
AAV,20190621,7.561,7.6366,7.4854,7.6375,97675
AAV,20190620,7.6366,7.7122,7.561,7.6375,179330
AAV,20190619,7.7878,7.7878,7.561,7.6375,118635
AAV,20190618,7.561,7.7878,7.561,7.6375,253900
AAV,20190617,7.561,7.561,7.561,7.5619,57805
AAV,20190614,7.6366,7.7122,7.4854,7.5619,161810
AAV,20190613,7.561,7.6366,7.561,7.6375,84818
AAV,20190612,7.6366,7.6366,7.4854,7.5619,148000
AAV,20190611,7.561,7.7122,7.4854,7.6375,99510
AAV,20190610,7.561,7.7122,7.561,7.6375,174330
AAV,20190607,7.561,7.6366,7.4854,7.5619,99605
AAV,20190606,7.561,7.6366,7.4854,7.5619,32510
AAV,20190605,7.4854,7.7122,7.4854,7.5619,180990
AAV,20190604,7.561,7.561,7.4098,7.4862,83710
AAV,20190603,7.4854,7.561,7.4854,7.5619,83900
AAV,20190531,7.561,7.561,7.4854,7.5619,53600
AAV,20190530,7.561,7.561,7.4098,7.5619,76450
AAV,20190529,7.561,7.6366,7.4854,7.5619,84750
AAV,20190528,7.6366,7.6366,7.4854,7.5619,78900
AAV,20190527,7.561,7.6366,7.561,7.6375,93745
AAV,20190524,7.6366,7.7122,7.4854,7.6375,242570
AAV,20190523,7.7122,7.7878,7.561,7.7131,109155
AAV,20190522,7.6366,7.7878,7.561,7.7131,305025
AAV,20190521,7.8634,7.8634,7.561,7.6375,599120
AAV,20190520,8.0903,8.0903,7.6366,7.8643,637325
AAV,20190517,8.4683,8.4683,8.0903,8.0912,206320
AAV,20190516,7.561,8.3171,7.4854,8.3181,1413027
AAV,20190515,7.561,7.6366,7.4098,7.5619,305430
AAV,20190514,7.4854,7.561,7.4098,7.5619,86557
AAV,20190513,7.561,7.6366,7.4098,7.5619,95800
AAV,20190510,7.6366,7.6366,7.4098,7.5619,161200
AAV,20190509,7.6366,7.7122,7.4854,7.5619,260700
AAV,20190508,7.7122,7.7122,7.4098,7.5619,201812
AAV,20190507,7.7878,7.7878,7.561,7.6375,136334
AAV,20190506,7.7878,7.7878,7.6366,7.7131,103398
AAV,20190503,7.7122,7.7878,7.7122,7.7887,214026
AAV,20190502,7.7122,7.7878,7.6366,7.7131,264916
AAV,20190426,7.561,7.7878,7.4854,7.7887,90884
AAV,20190425,7.6366,7.6366,7.561,7.6375,21815
AAV,20190424,7.6366,7.6366,7.561,7.6375,89100
AAV,20190423,7.6366,7.7122,7.4854,7.5619,141080
AAV,20190422,7.6366,7.6366,7.4854,7.6375,131200
AAV,20190419,7.7122,7.7122,7.561,7.6375,183309
AAV,20190418,7.6366,7.7878,7.4854,7.7131,155840
AAV,20190417,7.6366,7.7122,7.561,7.6375,107011
AAV,20190416,7.7878,7.7878,7.561,7.7131,93770
AAV,20190412,7.7878,7.7878,7.561,7.7887,175745
AAV,20190411,7.7122,7.7878,7.6366,7.7887,162100
AAV,20190410,7.7878,7.8634,7.4854,7.6375,284845
AAV,20190409,7.9391,7.9391,7.7122,7.8643,231830
AAV,20190408,7.8634,8.0147,7.7122,7.94,194510
AAV,20190405,7.7878,7.9391,7.6366,7.8643,334948
AAV,20190404,7.7122,7.8634,7.7122,7.7887,265315
AAV,20190403,7.561,7.7122,7.561,7.7131,148000
AAV,20190402,7.6366,7.7878,7.4854,7.6375,363940
AAV,20190401,7.561,7.7122,7.4854,7.6375,211825
AAV,20190329,7.7122,7.7878,7.561,7.5619,222160
AAV,20190328,7.561,7.9391,7.4854,7.7131,447400
AAV,20190327,7.3342,7.561,7.183,7.5619,323413
AAV,20190326,7.183,7.4098,6.9561,7.4106,199900
AAV,20190325,7.2586,7.2586,6.9561,7.1838,156247
AAV,20190322,7.2586,7.2586,7.1073,7.1838,134600
AAV,20190321,7.3342,7.4098,7.2586,7.2594,188249
AAV,20190320,7.4098,7.4098,7.2586,7.335,190650
AAV,20190319,7.183,7.561,7.0317,7.335,268530
AAV,20190318,7.2586,7.3342,7.183,7.335,106100
AAV,20190315,7.2586,7.3342,7.183,7.335,24116
AAV,20190314,7.2586,7.3342,7.183,7.335,112600
AAV,20190313,7.4098,7.4098,7.2586,7.335,26376
AAV,20190312,7.7878,7.7878,7.183,7.335,218516
AAV,20190311,8.1659,8.1659,7.8634,7.8643,174014
AAV,20190308,7.9391,8.4683,7.8634,8.2424,226647
AAV,20190307,7.1073,7.7878,7.0317,7.7887,688154
AAV,20190306,7.1073,7.1073,6.9561,7.1082,24200
AAV,20190305,7.1073,7.183,7.0317,7.1082,63965
AAV,20190304,7.1073,7.183,7.0317,7.1082,47450
AAV,20190301,7.183,7.183,7.0317,7.1082,16165
AAV,20190228,7.183,7.183,7.0317,7.1838,23531
AAV,20190227,7.183,7.183,7.1073,7.1838,10650
AAV,20190226,7.183,7.183,7.1073,7.1838,9590
AAV,20190225,7.183,7.183,7.1073,7.1838,39380
AAV,20190222,7.183,7.183,7.1073,7.1838,56435
AAV,20190221,7.183,7.183,7.1073,7.1838,18716
AAV,20190220,7.183,7.183,7.1073,7.1838,18549
AAV,20190219,7.3342,7.3342,7.183,7.1838,62411
AAV,20190218,7.2586,7.4854,7.2586,7.335,88891
AAV,20190215,7.2586,7.2586,7.1073,7.2594,52520
AAV,20190214,7.2586,7.2586,7.1073,7.2594,21801
AAV,20190213,7.2586,7.2586,7.1073,7.2594,36510
AAV,20190212,7.2586,7.2586,7.1073,7.2594,46685
AAV,20190211,7.2586,7.3342,7.1073,7.2594,50021
AAV,20190201,7.3342,7.3342,7.2586,7.2594,59600
AAV,20190131,7.2586,7.3342,7.2586,7.335,31545
AAV,20190130,7.3342,7.3342,7.183,7.2594,44570
AAV,20190129,7.4098,7.4854,7.2586,7.335,50020
AAV,20190128,7.4854,7.4854,7.2586,7.4862,152315
AAV,20190125,7.4854,7.561,7.3342,7.4862,169400
AAV,20190124,7.561,7.561,7.3342,7.5619,214525
AAV,20190123,7.561,7.561,7.3342,7.5619,97330
AAV,20190122,7.7122,7.7122,7.3342,7.5619,193800
AAV,20190121,7.7122,7.7878,7.561,7.7131,202310
AAV,20190118,7.7122,7.9391,7.561,7.7131,366200
AAV,20190117,7.2586,7.9391,7.2586,7.6375,652945
AAV,20190116,7.3342,7.3342,7.2586,7.2594,37770
AAV,20190115,7.4098,7.4098,7.183,7.1838,31177
AAV,20190114,7.2586,7.4098,7.2586,7.4106,8720
AAV,20190111,7.4854,7.4854,7.183,7.4862,31690
AAV,20190110,7.561,7.561,7.4854,7.5619,10690
AAV,20190109,7.561,7.561,7.4854,7.5619,19115
AAV,20190108,7.561,7.6366,7.4854,7.5619,26115
AAV,20190107,7.6366,7.6366,7.561,7.5619,4856
AAV,20190104,7.4098,7.6366,7.4098,7.6375,61700
AAV,20190103,7.561,7.561,7.3342,7.5619,23715
AAV,20190102,7.7122,7.7122,7.4854,7.6375,35295
AAV,20181228,7.4854,7.7122,7.4854,7.7131,17056
AAV,20181227,7.561,7.7122,7.4854,7.7131,64235
AAV,20181226,7.6366,7.6366,7.4854,7.6375,11260
AAV,20181225,7.561,7.6366,7.4854,7.6375,45020
AAV,20181224,7.6366,7.7122,7.561,7.6375,19580
AAV,20181221,7.561,7.7122,7.561,7.7131,20550
AAV,20181220,7.561,7.7122,7.561,7.7131,48462
AAV,20181219,7.561,7.7122,7.4854,7.7131,89867
AAV,20181218,7.4854,7.7122,7.4098,7.7131,39000
AAV,20181217,7.7122,7.7878,7.4098,7.7887,52475
AAV,20181214,7.7122,7.7878,7.6366,7.7887,56240
AAV,20181213,7.4854,7.7122,7.4098,7.7131,69345
AAV,20181212,7.3342,7.7122,6.8805,7.5619,29225
AAV,20181211,7.6366,7.7122,7.561,7.6375,7705
AAV,20181210,7.4854,7.6366,7.4854,7.6375,5850
AAV,20181207,7.7122,7.7122,7.561,7.7131,34255
AAV,20181206,7.7122,7.7878,7.4854,7.7887,106190
AAV,20181205,7.7122,7.8634,7.7122,7.7887,6730
AAV,20181204,7.8634,7.9391,7.7122,7.8643,29102
AAV,20181203,7.7122,7.8634,7.4854,7.8643,43160
AAV,20181130,7.7122,7.8634,7.7122,7.8643,6405
AAV,20181129,7.7878,7.9391,7.7122,7.7131,22182
AAV,20181128,7.7122,8.0147,7.6366,8.0156,63595
AAV,20181127,7.8634,7.8634,7.4098,7.7887,190035
AAV,20181126,7.8634,7.9391,7.7878,7.94,34275
AAV,20181123,7.9391,8.0147,7.7122,7.94,147005
AAV,20181122,8.0903,8.0903,7.9391,8.0156,90058
AAV,20181121,8.2415,8.2415,7.9391,8.1668,64710
AAV,20181120,8.3927,8.3927,7.9391,8.3181,191200
AAV,20181119,8.6195,9.4513,7.8634,8.4693,173400
AAV,20181116,8.6195,8.6952,8.5439,8.6205,104020
AAV,20181115,8.4683,8.6952,8.3927,8.4693,257910
AAV,20181114,7.8634,8.6195,7.7878,8.4693,752955
AAV,20181113,7.8634,7.9391,7.7122,7.94,50000
AAV,20181112,7.9391,7.9391,7.7878,7.94,28480
AAV,20181109,7.9391,8.0147,7.7878,7.94,86150
AAV,20181108,7.7878,7.9391,7.7878,7.94,91375
AAV,20181107,7.7878,7.7878,7.6366,7.7887,24700
AAV,20181106,7.8634,7.8634,7.6366,7.8643,102840
AAV,20181105,7.7122,7.9391,7.7122,7.8643,52220
AAV,20181102,7.183,7.7878,6.9561,7.7887,243430
AAV,20181101,7.4854,7.561,7.0317,7.1082,30200
AAV,20181031,7.4098,7.6366,7.2586,7.4862,117400
AAV,20181030,7.561,7.7878,7.3342,7.4862,133400
AAV,20181029,7.561,7.7122,7.4098,7.5619,38200
AAV,20181026,7.7878,7.8634,7.4854,7.7887,45600
AAV,20181025,7.561,7.7878,7.3342,7.7887,34975
AAV,20181024,7.6366,7.7878,7.561,7.7887,40200
AAV,20181023,7.8634,7.8634,7.561,7.8643,75300
AAV,20181022,7.8634,7.9391,7.7122,7.8643,82000
AAV,20181019,7.6366,7.8634,7.4854,7.8643,53910
AAV,20181018,7.8634,7.8634,7.4854,7.8643,50300
AAV,20181017,7.9391,7.9391,7.6366,7.8643,46400
AAV,20181016,7.8634,7.9391,7.7878,7.8643,38000
AAV,20181015,8.1659,8.1659,7.561,7.7131,44200
AAV,20181012,7.8634,8.0903,7.1073,8.0912,455250
AAV,20181011,7.9391,8.2415,7.8634,7.8643,168200
AAV,20181010,8.6952,8.8464,8.3171,8.6961,21600
AAV,20181009,8.6952,8.8464,8.4683,8.8474,175520
AAV,20181008,8.8464,8.8464,8.1659,8.6961,1685030
AAV,20181005,8.4683,9.0732,8.3171,9.0742,115500
AAV,20181004,8.9976,8.9976,8.4683,8.6961,52600
AAV,20181003,8.5475,8.8105,7.8243,8.6801,490910
AAV,20181002,8.679,9.0735,8.2188,8.6801,407825
AAV,20181001,9.731,9.7968,8.679,9.0746,285200
AAV,20180928,9.1393,9.8625,8.679,9.6007,323220
AAV,20180927,9.6653,9.9283,9.205,9.4034,85660
AAV,20180926,8.942,9.7968,8.942,9.6664,304590
AAV,20180925,8.2845,8.942,7.89,8.9431,433800
AAV,20180924,8.416,8.4818,8.0873,8.154,38700
AAV,20180921,8.2845,8.4818,8.0873,8.417,56000
AAV,20180920,7.89,8.4818,7.89,8.2855,57700
AAV,20180919,8.2845,8.4818,7.8243,8.0882,101210
AAV,20180918,9.0735,9.0735,8.2845,8.4828,222800
AAV,20180917,9.3365,9.3365,8.4818,9.2061,642230
AAV,20180914,9.8625,9.8625,9.1393,9.4034,499660
AAV,20180913,10.52,10.5858,9.5338,10.1267,170400
AAV,20180912,9.7968,10.5858,8.7448,10.587,341900
AAV,20180911,10.4543,10.4543,8.8763,9.6664,114100
AAV,20180910,10.52,10.52,9.8625,9.8637,534100
AAV,20180907,13.0843,13.0843,10.9145,10.9158,109400
AAV,20180906,11.6378,12.098,11.309,12.0995,428100
AAV,20180905,10.0598,11.046,10.0598,11.0473,409000
AAV,20180904,9.8625,10.4543,9.5995,10.061,544400
AAV,20180831,11.1775,11.5063,10.6515,10.6528,88300
AAV,20180830,12.8213,12.8213,11.7693,11.7707,167600
AAV,20180829,13.8075,13.8075,12.4268,13.0201,160300
AAV,20180828,14.1363,14.1363,12.7555,13.8092,147800
AAV,20180827,14.2678,14.3335,12.887,14.138,274000
AAV,20180824,13.3473,14.2678,12.0323,14.2695,343600
AAV,20180823,13.2815,13.8075,13.2815,13.3489,386700
AAV,20180822,16.306,16.306,14.728,14.7298,69200
AAV,20180821,18.0813,18.0813,16.306,16.308,318700
AAV,20180820,19.8565,19.8565,17.884,18.0835,354600
AAV,20180817,20.514,21.04,18.4758,19.8589,577000
AAV,20180816,21.6975,22.4208,19.1333,20.5165,777300
AAV,20180815,19.3305,21.2373,17.5553,21.2398,658500
AAV,20180814,19.6593,20.0538,17.4238,19.3329,397900
AAV,20180813,19.0675,19.3305,19.0675,19.3329,161900
AAV,20180810,17.358,17.621,17.358,17.6231,216700
AAV,20180809,14.5308,16.043,14.202,16.045,443400
AAV,20180808,14.8595,14.991,14.465,14.5983,98900
AAV,20180807,14.6623,14.9253,14.1363,14.8613,118000
AAV,20180806,14.1363,14.8595,13.6103,14.7298,176800
AAV,20180803,13.8075,14.465,13.676,14.401,150400
AAV,20180802,13.8733,14.1363,13.413,13.7434,140600
AAV,20180801,14.2678,14.3993,13.8075,13.8092,62700
AAV,20180731,14.0705,14.202,14.3335,14.0065,50300
AAV,20180730,14.1363,14.202,14.0048,14.0065,42100
AAV,20180727,13.8075,14.202,13.8075,14.0722,67100
AAV,20180726,13.7418,13.939,13.5445,13.8749,64000
AAV,20180725,14.1363,14.202,13.8075,13.8092,68600
AAV,20180724,14.7938,14.7938,14.0705,14.0722,58400
AAV,20180723,14.6623,14.8595,14.465,14.7298,61600
AAV,20180720,14.9253,14.9253,14.465,14.5983,62800
AAV,20180719,14.9253,14.991,14.728,14.9271,64300
AAV,20180718,14.5308,14.8595,14.202,14.8613,79800
AAV,20180717,14.5308,14.5965,14.1363,14.5325,103000
AAV,20180716,13.15,14.465,13.15,14.4668,479500
AAV,20180713,11.9665,13.15,11.9665,13.1516,482500
AAV,20180712,10.9145,11.9665,10.8488,11.968,518100
AAV,20180711,10.9145,10.9803,10.7173,10.9158,82500
AAV,20180710,10.9803,11.046,10.8488,10.9158,151100
AAV,20180709,10.9803,11.1118,10.8488,10.9816,248300
AAV,20180706,10.8488,11.046,10.783,10.9816,232100
AAV,20180705,10.8488,10.9803,10.783,10.8501,144700
AAV,20180704,10.9145,10.9803,10.8488,10.8501,80500
AAV,20180703,10.9145,11.046,10.8488,10.9158,98800
AAV,20180702,10.9803,11.046,10.5858,10.9816,129000
AAV,20180629,10.9145,11.046,10.8488,10.9816,108100
AAV,20180628,10.8488,11.046,10.8488,10.9158,210300
AAV,20180627,12.4925,12.4925,10.8488,10.8501,532700
AAV,20180626,11.3748,11.3748,10.52,11.3761,800200
AAV,20180625,10.3885,10.3885,10.3885,10.3898,362000
